Produk,Harga_Produk,Produk_Terjual,Lokasi_Toko,E-Commerce
"Infnix NOTE 40 Pro 5G - HP Flagship Gaming, Kamera Utama 108MP, Fast Charging 67W, HP Android Wajib Punya Buat Pelajar & Pekerja",1309846.0,70.0,tangerang (kabupaten),tokopedia
[ Promo Akhir Tahun ] Iphone 17 Pro Max 1 TERA Like New 99% Amanah dan Bergaransi,2888000.0,4.0,jakarta barat (kota),tokopedia
INFINIX HOT 50 NFC 8/128 GB GARANSI INDONESIA,1019538.0,2.0,bekasi (kabupaten),tokopedia
[NEW PRODUCT] Handphone Gaming REDMAGIC 11 PRO 5G Snapdragon 8 Elite Gen 5 RAM 16GB + ROM 512GB Liquid Cooling,19498900.0,80.0,tangerang (kota),tokopedia
A3S RAM 6GB/128GB Fullset Segel Garansi 12 Bulan Murah second like new,659000.0,100.0,jakarta barat (kota),tokopedia
Samsung Galaxy A07 LTE 4/64GB,1599000.0,6000.0,jakarta utara (kota),tokopedia
POCO X6 PRO 5G RAM 12/512GB GARANSI RESMI,1319000.0,2.0,pasuruan (kabupaten),tokopedia
Infinix Smart 7 Ram 4/64 Ram 3/64 Extended Ram 3GB Garansi Resmi,1583010.0,8.0,tangerang (kota),tokopedia
Hp tecno sprak go 1 20024,1209000.0,1.0,bandung (kabupaten),tokopedia
"LIVE A7.8 RAM 8/256GB ,A3.S RAM 6/128GB Android Fullset Garansi 1 Tahun hpbagus murah",669000.0,100.0,jakarta barat (kota),tokopedia
Galaxy S26 Ultra Handphone 2026 Baru 7.5inci Layar HD 16GB+1024GB 4G/5G WIFI Dual Card SIM 8000mAh Gaming Android14.0 dengan Bingkai Logam,1365050.0,13.0,surabaya (kota),tokopedia
OPPO Reno15 5G 8/256GB 12/256GB (8GB+8GB Extended RAM) NFC Official Store HP Android Terbaru 2026,8999000.0,1.0,jakarta utara (kota),tokopedia
5G Ponsel TECNN0 Camen 40 Pro 6.8 Inci 12GB RAM 512GB ROM Android 12.0 Dual SIM/WiFi Handphone,1129000.0,1.0,surabaya (kota),tokopedia
HP Z26 7.5Inch Handphone 16GB RAM + 1TB ROM 50MP + 108MP HD Kamera 8000mAh Fast Charge,1200000.0,1.0,surabaya (kota),tokopedia
"vlvo Y91 8/256GB HP dengan Face Wake dan 4030mAh Smartphone Buka Kunci Wajah Cepat, Performa MediaTek Helio P22, Desain Waterdrop Screen, Sederhana dan Efisien",1311644.0,6.0,tangerang (kabupaten),tokopedia
[Diskon + Cashback] S 24 Ultra 7.5 Inch Layar Penuh 8000mAh Fast Charge Turbo Kamera 72MP+108MP Pro Video 4K 16GB+1TB Smartphone Android 14 Flagship Murah,1312300.0,4.0,tangerang (kabupaten),tokopedia
Tecno Spark 30C 6/128GB - Garansi Resmi,1311059.0,2.0,pekanbaru (kota),tokopedia
Smartphon A3S Ram 6Gb /128 Gb Garansi 1 Tahun Fullset,840000.0,100.0,jakarta barat (kota),tokopedia
Handphone 10A Ram 6Gb Internal 128Gb - Garansi 1 Tahun,1303900.0,100.0,jakarta pusat (kota),tokopedia
handphone samsung A36 dan A57,1009460.0,11.0,jakarta timur (kota),tokopedia
ZTE NUBIA A36 4+8GB/64GB GARANSI RESMI - BLACK NEW [hp 1 jutaan] hp sejutaan,669000.0,90.0,medan (kota),tokopedia
Techno spark go1 ram 4/128 new,719000.0,21.0,kudus (kabupaten),tokopedia
Xiaomi Redmi A5 4+4GB/128GB Hp murah 1jtan Hp Android Smartphone Original Garansi Resmi,1322820.0,1.0,padang (kota),tokopedia
Samsung Galaxy M54 5G 8/256GB,1588000.0,2.0,jakarta pusat (kota),tokopedia
INFINIX SMART 6 HD 2GB/32GB 5000MAH - GARANSI RESMI - 2 GB - 32 GB,1239000.0,3.0,malang (kabupaten),tokopedia
Realme Note 60 garansi resmi harga murah...,977000.0,1.0,cirebon (kabupaten),tokopedia
infinix smart 6 2/32 garansi resmi,649900.0,9.0,tegal (kabupaten),tokopedia
[SPECIAL PRICE] Itel A100C 3+5GB  RAM / 64GB ROM | 4+8GB RAM / 64GB ROM - Military Grade Durability - Dynamic Bar,1298900.0,1000.0,jakarta barat (kota),tokopedia
Infinix Smart 6 2/32GB Garansi Resmi Infinix Indonesia,799000.0,30.0,semarang (kota),tokopedia
Infinix Hot 40 Pro NFC (8+8) 16gb/256gb (X6837),495000.0,100.0,hulu sungai selatan (kabupaten),tokopedia
Iphone 15 ProMax 256Gb Resmi Ibox,1010355.0,40.0,semarang (kota),tokopedia
HANDPHONE SMARTPHONE A3S RAM 6 GB / 128 GB GARANSI 1 TAHUN - BISA COD!!,806000.0,250.0,jakarta barat (kota),tokopedia
HP Murah Sansng S24 Uitra Smartphone 7.5inci Layar HD Handphone 16GB+1TB Storage Kamera CuciGudang 2025 Asli Kaca Bluetooth,1219606.0,9.0,surabaya (kota),tokopedia
Hp smartphone A31 ram 8+256 Bergaransi 1 tahun 6.5 inch android Handphone fullset,929000.0,100.0,jakarta barat (kota),tokopedia
TELPON SELULER A17 RAM 6/128 GB GRESS SEGEL BARU GARANSI 1 TAHUN,1033000.0,1.0,tasikmalaya (kota),tokopedia
A3S RAM 6GB/128GB HP MURAH BiSA COD CEK DI KRANJANG Handphone dengan Spesifikasi RAM 6GB/128GB,799000.0,2.0,bogor (kabupaten),tokopedia
HP A3S 4G 6GB + 128GB FULLSET GARANSI 1 TAHUN BISA COD,679000.0,750.0,jakarta barat (kota),tokopedia
"HP LIVE Y1.9 8/256GB, Y7.1 6/128GB dengan Layar 5000MAH dan Garansi 1 Tahun - Bluetooth, Camera - Kartu - Handphone",559000.0,100.0,jakarta barat (kota),tokopedia
iPhone 15 warna green dengan penyimpanan 1tb,599000.0,2.0,jakarta pusat (kota),tokopedia
BISA COD Hadiah Gratis NEW Android S24ultra 12GB/512GB 7000mAh Smartphone Caransi 1Tahun Dengan Kualitas 5G & Bluetooth Diskon Super Gara,1418459.0,4.0,jakarta barat (kota),tokopedia
xiaomi redmi 9a 2/32 new segel garansi xiaomi,848000.0,100.0,bandung (kota),tokopedia
Smartphone android Y71 RAM 6/128GB SELFIE KAMERA 13MP layar 6.0 garansi 12 bulan,558000.0,6.0,jakarta barat (kota),tokopedia
Handphone Infinix Smartphone Note 50 Pro 4G 8GB/256GB dengan Desain Ungu Eksklusif,449000.0,100.0,tangerang (kabupaten),tokopedia
infinix hot 50 4G hp murah kualitas bagus,799000.0,1.0,bondowoso (kabupaten),tokopedia
"Y17 RAM 8G/256GB ,Y71 6G/128G Bluetooth, ponsel gaming, garansi 1 tahun.",799000.0,250.0,jakarta barat (kota),tokopedia
Smartphone HP Y17 RAM 8/256GB 5000mAh Kamera 48MP Android Smartphone GARANSI 1 TAHUN,848000.0,500.0,jakarta utara (kota),tokopedia
"HP LIVE  Y17 8/256GB, Y71 6/128GB dengan Layar 5000MAH dan Garansi 2 Tahun - Bluetooth, Camera - Kartu - Handphone",799000.0,100.0,jakarta barat (kota),tokopedia
XIAOMI REDMI NOTE 9 4/64 RAM 4GB ROM 64GB GARANSI RESMI,799000.0,90.0,jakarta utara (kota),tokopedia
"HP LIVE Y17 8/256GB, Y71 6/128GB dengan Layar 5000MAH dan Garansi 2 Tahun - Bluetooth, Camera - Kartu - Handphone",799000.0,10.0,jakarta barat (kota),tokopedia
[Special P.SIREGAR]  ZTE NUBIA A36 (4+8)GB/64GB Smartphone Kamera AI 13MP Garansi Resmi Nasional Handphone,799000.0,12.0,deli serdang (kabupaten),tokopedia
"LIVE HP MURAH BISA COD Y17 RAM 8/256,Y67 RAM 6/128 GARANSI 1 TAHUN 5000 MAH ANDROID HITAM",799000.0,250.0,jakarta barat (kota),tokopedia
"Ponsel Y17 RAM 8/256GB,Y67 RAM 6/128GB dengan Kamera - Garansi 1 Tahun Android Fullset smartphones",799000.0,100.0,jakarta barat (kota),tokopedia
realme c21y 4 64 gb garansi resmi,799000.0,100.0,surabaya (kota),tokopedia
"A59 5G 6/128GB - HP 5G DESAIN DIAMOND CUT! - Smartphone - Body Berkilau seperti Berlian, Performa 5G Solid, Masuk Segmen 5G Termurah.",1313405.0,50.0,tangerang (kabupaten),tokopedia
"[NEW] TECNO SPARK Go 3 4GB+4GB*/64GB, IP64, 6.75"" HD+, 120Hz Smooth Display, 5000mAh, 15W* Charging, TECNO AI - sparkgo3",1599000.0,500.0,jakarta barat (kota),tokopedia
BARU A3S 6/128 GRANSI 1 TAHUNN,699000.0,5.0,lampung utara (kabupaten),tokopedia
"vlvo Y91 8/256GB HP dengan Face Wake dan 4030mAh Smartphone Buka Kunci Wajah Cepat, Performa MediaTek Helio P22, Desain Waterdrop Screen, Sederhana dan Efisien",1311644.0,6.0,tangerang (kabupaten),tokopedia
LIVE NEW SMARTPHONE A3S RAM 6/128 GARANSI 1 TAHUN 6.2 INCI ANDROID HITAM,669000.0,100.0,jakarta barat (kota),tokopedia
ZTE Blade V50 8/256gb NEW ORIGINAL GARANSI RESMI,1219606.0,90.0,pekanbaru (kota),tokopedia
Xiaomi 17 (12GB/256GB) (12GB/512GB) Lensa Optik Leica Summilux [Xiaomi Official Store],1244080.0,1000.0,tangerang (kabupaten),tokopedia
A5I RAM 4GB ROM 64GB 128GB ORIGINAL,1476573.0,14.0,surabaya (kota),tokopedia
Handphone Xiaomi Redmi Note 13 Pro Ram 8 256GB,1138990.0,100.0,tangerang (kota),tokopedia
"Hp Murah 5G Android 6.5, HP 512 Inci 12GB + 10.0 GB 10 Core",996000.0,250.0,jakarta timur (kota),tokopedia
REALME C71 4/128 & 6/128 & 8/128 NEW GARANSI RESMI,1311321.0,250.0,medan (kota),tokopedia
(Exclusive Gadgetasik) ZTE NUBIA V70 DESIGN 8/256 GB & 8/128GB - GARANSI RESMI INDONESIA V70,22990999.0,30.0,deli serdang (kabupaten),tokopedia
"TENO SPARK 20 Pro+ 8/256GB - HP Kamera 108MP Termurah! - Smartphone - Hasil Foto Setara Flagship, Desain Dynamic Island Kekinian. Flash Sale!",1379281.0,4.0,tangerang (kabupaten),tokopedia
[ RESMI ] Apple iPhone 17 Pro 256GB 512GB 1TB A19 Pro Garansi Resmi - ID PA SA/A - [ DIGITECH },24039000.0,4000.0,jakarta pusat (kota),tokopedia
Hp smartphone a3s ram 6+128 Bergaransi 1 tahun 6.2 inch android fullset,659000.0,6.0,jakarta barat (kota),tokopedia
"LIVE Y17 RAM 8/256,Y71 RAM 6/128 GARANSI 1 TAHUN 5000 MAH ANDROID HITAM    promo hp cuci gudang 2025 paylater",799000.0,1.0,jakarta barat (kota),tokopedia
"handphone,redmi,serba gunaa",799000.0,50.0,malang (kota),tokopedia
Pova 7 Pro HP Terbaru 2026 16GB+1TB 5G WIFI HP Gaming Layar HD Dual SIM Android14,1104050.0,60.0,surabaya (kota),tokopedia
BISA COD Hadiah Gratis NEW Android S25FE  12GB/256GB 6000mAh Smartphone Caransi 1Tahun Dengan Kualitas 5G & Bluetooth Diskon Super Garansi 12 Bulan,999000.0,11.0,jakarta barat (kota),tokopedia
"HP Smartphone A3S Baru RAM 6/128GB Android Fullset Garansi 1 Tahun - Handphone, Bluetooth hpbagus  murah",669000.0,30.0,jakarta barat (kota),tokopedia
xiaomi redmi 5 plus ram 4/64gb,1012530.0,2.0,bandung (kota),tokopedia
Smartphone Y71 Ram 6/128GB Layar 5.59 Kamera 13MP Handphone Android Bluetooth Bergaransi 12 bulan,2098000.0,30.0,jakarta barat (kota),tokopedia
[Bisa COD & Cicilan] TENO CAMON 40 Pro Handphone Fotografi Terbaru Android 14.0 6.78 Inci 5000mAh Kamera 108MP OIS Pro 16GB+256GB Memori Smartphone Murah Bisa Test,1312022.0,1.0,tangerang (kabupaten),tokopedia
Promo !! Hp A14 RAM 6/128GB Smartphone 4G LET 6.6 inch Dual SIM 50MP+13MP garansi 1tahun Handphone ponsel murah,1376358.0,1000.0,jakarta pusat (kota),tokopedia
"2024 Reno9 Pro baru B55  7,3 inci ponsel layar lebar Android 13 16GB+1TB Dual SIM Smart Phones",669000.0,100.0,jakarta barat (kota),tokopedia
"S 25 smartphone 16+1TB Jangan khawatir, lancar dan nyaman, bermain game",1051149.0,30.0,jakarta barat (kota),tokopedia
BARU  SMARTPHONE BARU Y67 RAM 6/128 Y66 RAM 4/64 Y55 RAM 3/32 GARANSI 1 TAHUN ANDROID BISA COD,529000.0,100.0,jakarta barat (kota),tokopedia
HP Smartphone Android A3s 6GB/128GB 99% baru 4G LTE Snapdragon garansi 12 bulan murah,787000.0,12.0,jakarta barat (kota),tokopedia
itel City 200 NFC IP65 | 6.78” 120Hz Display | 50MP Camera | 5200mAh 18W Fast Charge,1579000.0,500.0,jakarta barat (kota),tokopedia
BARU A'7.8 5G  8/256 GRANSI 1 TAHUN,850000.0,4.0,lampung utara (kabupaten),tokopedia
SMARTPHONE Y71 RAM 6/128GB KAMERA 13MP LAYAR 6.0 INCI GARANSI 1 TAHUN,495000.0,4.0,tangerang (kabupaten),tokopedia
UP.GADGET - INFINIX - HOT 50i - NEW - PONTIANAK,848000.0,2.0,pontianak (kota),tokopedia
COD REDM1 13C 8/256 GRANSI 1 TAHUN,850000.0,4.0,lampung utara (kabupaten),tokopedia
"[NEW LAUNCH] vivo Y29 (6/128) - Design Marmer Eksklusif, 6500mAh Tahan 3 Hari, Tahan Banting Ekstrem, IP69 Tahan Air Ekstrem, AI Erase 2.0 + AI Circle to Search",1769000.0,1000.0,tangerang (kabupaten),tokopedia
Zte Nubia A56 12(4+8)GB/128GB Garansi Resmi New - Black [Hp 1 jutaan] hp sejutaan,1432212.0,30.0,medan (kota),tokopedia
"HP Smartphone A77S Baru 8/128GB ,A3S RAM 6/128GB Android Fullset Garansi 1 Tahun hpbagus  murah",669000.0,21.0,jakarta barat (kota),tokopedia
S26 Ultra HP Terbaru 2026 16GB+1TB 5G WIFI HP Gaming Layar HD Dual SIM Android14,1214050.0,3.0,surabaya (kota),tokopedia
"[NEW] TECNO SPARK Go 3 4GB+4GB*/64GB, IP64, 6.75"" HD+, 120Hz Smooth Display, 5000mAh, 15W* Charging, TECNO AI - sparkgo3",1599000.0,500.0,jakarta barat (kota),tokopedia
"TENO SPARK 20 Pro+ 8/256GB - HP Kamera 108MP Termurah! - Smartphone - Hasil Foto Setara Flagship, Desain Dynamic Island Kekinian. Flash Sale!",1379281.0,4.0,tangerang (kabupaten),tokopedia
[ RESMI ] Apple iPhone 17 Pro 256GB 512GB 1TB A19 Pro Garansi Resmi - ID PA SA/A - [ DIGITECH },24039000.0,4000.0,jakarta pusat (kota),tokopedia
S 24 Ultra 7.5Inci Android 14.0 7800mAh 72MP+108MP 16GB+1TB Snapdragon Handphone,2713459.0,3.0,tangerang (kabupaten),tokopedia
[Bisa COD]HP  S25 UItra2025 Murahcuci gudang Handphone Asli 7.5inci Layar12GB+256GB 5G WiFi Bluetooth Android 14.0dengan 8000mAh Kamera 72MP+108MP10Core Face Unlocked Fingerprint IDSnapdragon 8 Gen2 Metal Built-in Frame,1371083.0,1.0,tangerang (kabupaten),tokopedia
OPPQ A10 Smartphone8+128GB.6.5 Inches-Cellphone telephone mу  type  phone 15  pro 15  plus iphone  11  housing  iphone  16,1320617.0,21.0,tangerang (kabupaten),tokopedia
[ Produk Baru ] HP murah Samsng S 25 Ultra+ 7.5inci HD Layar 16GB+1TB handphone cuci gudang 4G/5G WIFI Dual Card SIM 8000mAh Android14.0 2025 Original smart phone Bisa COD,1202095.0,60.0,surabaya (kota),tokopedia
PROMO CUCI GUDANG: S.24 Ultra 2024 7.3 Inch 8000mAh 72MP+108MP Night Portrait 16+1TB Android 14.0 Face Unlock Bisa COD Murah,1327255.0,3.0,tangerang (kabupaten),tokopedia
Vivo V70 5G 12/256GB 12GB+12GB Extended RAM Garansi Resmi HP Android Official Store Handphone COD,8999000.0,3.0,jakarta utara (kota),tokopedia
Hp Y20S ram 6/128 GB 6.51 inches Smartphone Dual SIM 5000 mAh,848000.0,100.0,jakarta utara (kota),tokopedia
"Galaxy A16 smartphone 16+512GB Kecerahan Penuh Meningkat, Pengisian Daya Sangat Cepat",1312064.0,50.0,jakarta barat (kota),tokopedia
Smartphone android Y67 Y66 Y55 RAM 6/128GB GARANSI 12 BULAN,449000.0,10.0,jakarta barat (kota),tokopedia
[ 2025 NEW ] G 30 HP Murah 5G 12GB+512GB Layar Lebar Dual Kartu Tahan Air,1175241.0,1.0,surabaya (kota),tokopedia
BARU Y67 DI LIVE HARGA MURAH BERGARANSI 12 BULAN HP MURAH Handphone Smart Smartphone Camera Led,1400000.0,1.0,jakarta barat (kota),tokopedia
"[Cicilan 12 Bulan] HP V27e Android 14 Layar 7,3 Inci 8000mAh 72MP+108MP Kamera 16GB+1TB 4G/5G WiFi Dual SIM Handphone Cuci Gudang 2026",1673631.0,8.0,tangerang (kabupaten),tokopedia
Smartphone 5G Galaxy S24 Ultra Handphone Android14.0 7.5inci Layar Smartphone 5G HP Terbaru Dual SIM Card 8000mAh 16GB +1TB COD,1215064.0,250.0,surabaya (kota),tokopedia
Xiaomi POCO C71 4/128GB Garansi Resmi,1445900.0,100.0,jakarta pusat (kota),tokopedia
[ LIVE SPESIAL ] INFINIX SMART 10 4/64 & 4/128 NEW GARANSI RESMI,2098000.0,1000.0,medan (kota),tokopedia
[2025 NEW ]  Mini HP Phone hp Mini android RAM 8GB/128GB jaringan 4G  NEW GARANSI RESMI,720000.0,9.0,jakarta barat (kota),tokopedia
ITEL A27 2/32 GARANSI RESMI ITEL,758000.0,10000.0,palembang (kota),tokopedia
CASH & CREDIT HP INFINIX ZERO 30 RAM 8/256 HANDPHONE SECOND LIKE NEW,1311940.0,20.0,jakarta selatan (kota),tokopedia
HP SMARTPHONE A 3 S RAM 8 / 256GB BERGARANSI 12 BULAN BISA COD,1309953.0,30.0,jakarta barat (kota),tokopedia
Realme 15 5G [8GB+256GB] [12GB+256GB] Display OLED 144Hz 6.8 inches - Dimensity 7300+ - 7000mAh - Garansi Resmi 1 Tahun,4490998.0,80.0,pasuruan (kabupaten),tokopedia
Oppo A37 Ram 2gb Internal 16gb,1312212.0,40.0,tangerang (kabupaten),tokopedia
Infinix Smart 9 4+4/128 New Garansi Resmi,1219836.0,100.0,lumajang (kabupaten),tokopedia
"[COD Cepat] HP  S 25 Ultra Android 14.0 Layar 7,3 Inci 8000mAh 72MP+108MP 16GB+1TB 5G Handphone Gaming Cuci Gudang 2026",1356377.0,1.0,tangerang (kabupaten),tokopedia
iphone 5s ex inter 16gb,8599900.0,30.0,tangerang (kabupaten),tokopedia
Infinix Smart 9 HD 8/64 Gb - Smartphone dengan Bluetooth,690000.0,100.0,jakarta selatan (kota),tokopedia
"[NEW LAUNCH] vivo Y400 - AMOLED 120Hz Ultra Terang, IP68/69 Tahan Air Ekstrem, 50MP Sony Kamera Underwater, 6000mAh Tahan 2 Hari",1049038.0,100.0,tangerang (kabupaten),tokopedia
Infinix Hot 50i 6+6/128GB [Garansi Resmi],1799000.0,1.0,palembang (kota),tokopedia
Handphone-Infinix Hot 50 Pro 12/256 Smartphone Android ponsel,1419616.0,3.0,bandung barat (kabupaten),tokopedia
iphone 11 64gb ibox,1402358.0,12.0,karawang (kabupaten),tokopedia
Infinix Smart 9 4+4/128 New Garansi Resmi,1219836.0,6.0,lumajang (kabupaten),tokopedia
Apple iPhone 11 64GB 128GB 256GB Second Original Fullset Bergaransi,1610975.0,100.0,surabaya (kota),tokopedia
"(NEW) SAMSUNG GALAXY Z FLIP 6 12/512GB 12/256GB, Blue Yellow Mint Silver Shadow (100% Garansi Resmi Sein)",8599900.0,40.0,jakarta barat (kota),tokopedia
Handphone Samsng Galaxy S26 Ultra Gaming HP murah Asli- 7.5Inch 16GB RAM + 1TB ROM 50MP + 108MP HD Kamera 8000mAh Fast Charge,1202111.0,5.0,surabaya (kota),tokopedia
REALME C55 NFC 8/256 6/128 GB | REALME C 55 8/128 GARANSI RESMI REALME,1498000.0,250.0,jakarta barat (kota),tokopedia
[2025 NEW]  XS16 HP 4GMini Android ram 12/512G Smartphone jaringan 4G Garansi Termurah XS16,690000.0,21.0,jakarta barat (kota),tokopedia
HP XIAOMI 6A,1799000.0,17.0,tangerang selatan (kota),tokopedia
Iphone 15 Pro max 256gb Gold mati total,1402358.0,1.0,palembang (kota),tokopedia
"Smartphone NOTE 14 Layar HD 6,8 inci Android 13.0 16GB RAM + 1TB ROM",1019518.0,6.0,jakarta barat (kota),tokopedia
"Second Like New Original iPhone 12 Mini 64GB/128GB/256GB, FullsetMulus",1308806.0,40.0,malang (kota),tokopedia
NEW HP/Handphone nokia 150 jadul murah Tahun 2013- Garansi distributor,1446943.0,60.0,tangerang selatan (kota),tokopedia
Smartphone Neo 6 Slot kartu SIM ganda Layar melengkung layar penuh Biaya super 6800MAh 16GB RAM + 1TB ROM,1011524.0,30.0,jakarta barat (kota),tokopedia
spark go1 4/128 vral hp murah,4908000.0,1.0,tangerang (kabupaten),tokopedia
[Harga Partner]  S.25 Ultra HP Flagship 7.3 Inch 8000mAh Fast Charging 72MP+108MP Portrait Mode AI 16GB+1TB Minimal 3 Unit Bisa COD,1401691.0,100.0,tangerang (kabupaten),tokopedia
BISA COD Hadiah Gratis NEW Androld S24 16GB/512GB6000mAh Smartphone Caransi 1Tahun Dengan Kualitas 5G &Bluetooth Diskon Super Garansi 12 Bulan,999000.0,5.0,jakarta barat (kota),tokopedia
Ncta 60X Smartphone Android 14 7.3-inch Dual SlM48MP+108MP 5G Phone Sale,1320629.0,6.0,tangerang (kabupaten),tokopedia
[BARU] OPPO A6t Online Exclusive 4GB+64/128GB & 6GB+128GB (Garansi Resmi),1799000.0,750.0,tangerang (kota),tokopedia
PROMO!! Hp ￼9A 6/128GB 6.53inch 5000Mah New Ponsel Handphone murah promo,1149980.0,2.0,jakarta pusat (kota),tokopedia
Handphone-Infinix Hot 50 Pro 12/256 Smartphone Android ponsel,1311167.0,3.0,bandung barat (kabupaten),tokopedia
ZTE NUBIA NEO 5G 18/256GB Hp Gaming Terbaik Dikelasnya,1310841.0,3.0,tangerang (kabupaten),tokopedia
Xiaomi Poco F8 Series | Poco F8 Pro 12/512GB | Poco F8 Ultra 16/512GB Original New Garansi RESMI Indonesia Pocophone,1627844.0,1.0,batam (kota),tokopedia
NEW HP/Handphone nokia 150 jadul murah Tahun 2013- Garansi distributor,1446943.0,60.0,tangerang selatan (kota),tokopedia
Smartphone Neo 6 Slot kartu SIM ganda Layar melengkung layar penuh Biaya super 6800MAh 16GB RAM + 1TB ROM,1011524.0,30.0,jakarta barat (kota),tokopedia
spark go1 4/128 vral hp murah,4908000.0,1.0,tangerang (kabupaten),tokopedia
[Harga Partner]  S.25 Ultra HP Flagship 7.3 Inch 8000mAh Fast Charging 72MP+108MP Portrait Mode AI 16GB+1TB Minimal 3 Unit Bisa COD,1401691.0,100.0,tangerang (kabupaten),tokopedia
BISA COD Hadiah Gratis NEW Androld S24 16GB/512GB6000mAh Smartphone Caransi 1Tahun Dengan Kualitas 5G &Bluetooth Diskon Super Garansi 12 Bulan,999000.0,5.0,jakarta barat (kota),tokopedia
Ncta 60X Smartphone Android 14 7.3-inch Dual SlM48MP+108MP 5G Phone Sale,1320629.0,6.0,tangerang (kabupaten),tokopedia
[BARU] OPPO A6t Online Exclusive 4GB+64/128GB & 6GB+128GB (Garansi Resmi),1799000.0,750.0,tangerang (kota),tokopedia
PROMO!! Hp ￼9A 6/128GB 6.53inch 5000Mah New Ponsel Handphone murah promo,1149980.0,2.0,jakarta pusat (kota),tokopedia
Handphone-Infinix Hot 50 Pro 12/256 Smartphone Android ponsel,1311167.0,3.0,bandung barat (kabupaten),tokopedia
ZTE NUBIA NEO 5G 18/256GB Hp Gaming Terbaik Dikelasnya,1310841.0,3.0,tangerang (kabupaten),tokopedia
Xiaomi Poco F8 Series | Poco F8 Pro 12/512GB | Poco F8 Ultra 16/512GB Original New Garansi RESMI Indonesia Pocophone,1627844.0,1.0,batam (kota),tokopedia
realme c61 8/128 garansi resmi indonesia,1312245.0,2.0,batu (kota),tokopedia
HANDPHONE INFINIX HOT 40i RAM 8+8/256GB,284200.0,22.0,bogor (kabupaten),tokopedia
NEW HP/Handphone nokia 150 jadul murah Tahun 2013- Garansi distributor,8999900.0,60.0,tangerang selatan (kota),tokopedia
Smartphone Terbaik Handphone 5G Android Terbaru Mobile Phone Pintar Multifungsi HP Murah,850000.0,100.0,tangerang (kabupaten),tokopedia
"Ponsel TENO CAMON 30 Premier - Layar AMOLED LTPO 120Hz 6.77"", Chipset Gaming Flagship - Pengalaman Layar dan Performa Tingkat Tinggi.",1376979.0,90.0,tangerang (kabupaten),tokopedia
Vivo V70 5G 12/256 Garansi Resmi Vivo indonesia,8599000.0,100.0,kendal (kabupaten),tokopedia
[BARU] OPPO A6t Pro Online Exclusive 8GB+128GB (Garansi Resmi),3599000.0,40.0,tangerang (kota),tokopedia
handphone iPhone 15 ram 8 /126,1899000.0,6.0,jakarta timur (kota),tokopedia
realme Note 60 [4GB/64GB - 6GB/128GB] Garansi Resmi 1 Tahun,2018900.0,30.0,bekasi (kabupaten),tokopedia
xiaomi poco m3 pro 5g 6/128,1400000.0,26.0,malang (kota),tokopedia
Smartphone 13C 8/256GB Fullset - Garansi 1 Tahun (COD) Handphone,1312245.0,50.0,jakarta barat (kota),tokopedia
Infinix Note 50 8/256 Garansi Resmi Infinix Indonesia,799000.0,13.0,jakarta selatan (kota),tokopedia
JCTKJ Camon 40 Pro phone Original 22GB+2TB Global Edition Smart 5G Dual Card 7800Mah Android 15 Facial Recognition Function,14199000.0,750.0,jakarta timur (kota),tokopedia
VIVO Y28 8/128 GARANSI RESMI,1399999.0,2.0,jepara (kabupaten),tokopedia
Handphone Redmi 14 Pro 64/128/256GB~~Handphone Redmi 14 Pro 64/128/256GB,1311950.0,90.0,boyolali (kabupaten),tokopedia
Samsung Galaxy S25 FE [8/512GB] - Smartphone AI | Android | Galaxy AI | 4900 mAh,10299000.0,100.0,jakarta utara (kota),tokopedia
realme c61 8/128 garansi resmi indonesia,3599000.0,2.0,batu (kota),tokopedia
[BARU] OPPO Reno15 F 5G 8/12GB+128/256GB (Garansi Resmi),2130000.0,100.0,tangerang (kota),tokopedia
Tecno spark go 1 smartphone Bluetooth Layar,11389000.0,5.0,yogyakarta (kota),tokopedia
"Smartphone Ram 8/258 Gebe - Pilihan Terbaik untuk Aktivitas Sehari-hari dan Hiburan - Handphone, Bluetooth",1312172.0,1.0,padang (kota),tokopedia
APPLE IPHONE 11PRO 64-256-512GB FULLSET BERGARANSI,2599000.0,750.0,tangerang (kabupaten),tokopedia
Handphone Oppo Reno 12 5G Ram 12 256GB,1403245.0,100.0,tangerang (kota),tokopedia
xiaomi redmi a5 128gb termurahh garansi resmi,656500.0,18.0,bogor (kabupaten),tokopedia
XIAOMI REDMI 15 RAM 8/256GB 8/128GB GARANSI RESMI,6647900.0,40.0,palembang (kota),tokopedia
Samsung Galaxy Note 10 12/256GB second,6647900.0,13.0,bekasi (kabupaten),tokopedia
Handphone HP Samsung Galaxy S25 FE | Smartphone AI | Android | Galaxy AI | 4900 mAh | Exynos 2400,8661998.0,250.0,jakarta pusat (kota),tokopedia
[Secondhand] iPhone 14 ex iBox Beacukai IMEI Permanen Garansi 12 Bln Kualitas Teruji Resmi FULLSET 128GB 256GB 512GB,8255040.0,4.0,jakarta selatan (kota),tokopedia
IPHONE 13 inter 128GB FULLSET MULUS SECOND NEW ORIGINAL,8686900.0,250.0,jakarta barat (kota),tokopedia
[BARU] OPPO A6 6GB+128GB & 6GB+256GB (Garansi Resmi),2799000.0,30.0,tangerang (kota),tokopedia
SPESIAL PROMO HP SMSUNG ANDRO 16/256 TEBUS MURAH TERBATAS,1107854.0,8.0,bogor (kabupaten),tokopedia
"realme Note 60x 4/64 dan 4/128 Android Layar 6,74inci (garansi resmi INDONESIA)",1529000.0,2.0,medan (kota),tokopedia
"Redmi Turbo 4 5G 6.67"" AMOLED Display Mediatek Dimensity 8400 Ultra 6550mAh 90W OTA",2464000.0,100.0,jakarta selatan (kota),tokopedia
Realme Note 70 [4/64 GB] [4/128 GB] [4/128 GB] Garansi Resmi Realme Indonesia,6899000.0,250.0,jakarta barat (kota),tokopedia
Xiaomi Redmi 15C NFC 6/128 GB 8/256 GB Prosesor Mediatek Helio 6000 mAh Garansi Resmi,1311710.0,100.0,jakarta pusat (kota),tokopedia
SEIN | SAMSUNG GALAXY S25 PLUS 12/256GB & 12/512GB SECOND RESMI INDONESIA,656500.0,3.0,tangerang selatan (kota),tokopedia
Handphone Samsung Galaxy S21 FE 5G Ram 8 256GB SEIN,6647900.0,60.0,tangerang (kota),tokopedia
"Handphone 6300 - Single Sim Jadul Klasik Bergaransi - Fulset, Baru, Sinyal Aktif, Bergaransi, dan bisa COD",882000.0,100.0,banjarmasin (kota),tokopedia
HP 12c Platinum 25th Anniversary Limited Edition ex display,8255040.0,2.0,jakarta barat (kota),tokopedia
Infinix Smart 10 4/64GB 4/128GB Garansi Resmi 1 Tahun Smartphone Infinix,2749000.0,7.0,lebak (kabupaten),tokopedia
Samsung Galaxy S25 FE 8/512GB | 8/256GB Garansi Resmi,8686900.0,100.0,jakarta pusat (kota),tokopedia
iPhone 13 128GB 256GB Second Like New bergaransi - Cyrus Cell Bec cyruscellbec,2799000.0,80.0,bandung (kota),tokopedia
SEIN | SAMSUNG GALAXY S25 PLUS 12/256GB & 12/512GB SECOND RESMI INDONESIA,656500.0,3.0,tangerang selatan (kota),tokopedia
"Handphone 6300 - Single Sim Jadul Klasik Bergaransi - Fulset, Baru, Sinyal Aktif, Bergaransi, dan bisa COD",882000.0,100.0,banjarmasin (kota),tokopedia
Infinix Smart 10 4/64GB 4/128GB Garansi Resmi 1 Tahun Smartphone Infinix,2749000.0,7.0,lebak (kabupaten),tokopedia
iPhone 13 128GB 256GB Second Like New bergaransi - Cyrus Cell Bec cyruscellbec,2799000.0,80.0,bandung (kota),tokopedia
Handphone Samsung Flip S3600,1529000.0,250.0,bogor (kabupaten),tokopedia
Samsung S 21 | S21+ | S21FE | S 21 Ultra Second Lengkap Garansi Resmi Sein,2464000.0,60.0,jakarta timur (kota),tokopedia
Infinix Hot 60i 8+256GB [BISA INSTAN AREA MALANG] New Original Garansi Resmi 1 Tahun,2239000.0,40.0,malang (kota),tokopedia
Apple iPhone 15 512GB 256GB 128GB Garansi Resmi iBox,12289000.0,1000.0,jakarta pusat (kota),tokopedia
hp huangmi f8 ultra 4g ram 3,1215040.0,90.0,surabaya (kota),tokopedia
Handphone Vivo V29 5G Ram 8 256GB,1251000.0,100.0,tangerang (kota),tokopedia
POCO C71 4+4G/128G RAM 8GB / storage 128GB,1499000.0,12.0,makassar (kota),tokopedia
Tecno Spark 40 ( 6/128Gb 8/256Gb ) Garansi Resmi Tecno New,2898000.0,2000.0,jakarta selatan (kota),tokopedia
ALDO A9 RAM 3/16GB GARANSI RESMI,8099000.0,9.0,tangerang (kota),tokopedia
Redmi 14C (6/128 atau 8/256),2665000.0,50.0,bogor (kabupaten),tokopedia
Samsung A56 8/256GB 12/256GB 5G NFC | Samsung A36 Garansi Resmi,5006500.0,750.0,jakarta pusat (kota),tokopedia
Apple iPhone 15 128GB Garansi Resmi - [ IBOX GDN DIGIMAP ],11929000.0,500.0,jakarta pusat (kota),tokopedia
Realme 16 Pro+ ( Pro Plus ) 12/512GB Realme 16 Pro 5G 12/256GB,6050000.0,100.0,tangerang (kota),tokopedia
ZTE Nubia V70 Max 6/128 GB RAM 6GB +6GB* ROM 128GB GARANSI RESMI,4511040.0,4.0,bekasi (kota),tokopedia
ponsel vivo y17 ram 3/16gb second,2829000.0,30.0,sidoarjo (kabupaten),tokopedia
Samsung Galaxy A17 [8/256GB] - | Smartphone AI | Android | 5000 mAh,2715900.0,1000.0,jakarta utara (kota),tokopedia
A31 4G LTE 6GB RAM 128GB Smartphone Murah Bergaransi,968750.0,23.0,jakarta utara (kota),tokopedia
Infinix Hot 60i 8/256 6/128GB Garansi Resmi Infinix Indonesia,1780000.0,90.0,jakarta pusat (kota),tokopedia
HP Murah Galaxy S26 Ultra 16GB+1TB Gaming Phone 2026 5G Dual SIM WIFI Android14 Kamera 72MP+108MP Layar 7.5Inch Smart Phone,1214050.0,1.0,surabaya (kota),tokopedia
vivo y12 3/32 dan redmi note 5a 2/16,10033000.0,30.0,depok (kota),tokopedia
"Moto G67 Power 5G - RAMBoost 24GB/256GB -  Snapdragon7s Gen2 - 7000mAh SiliconCarbon - 50MP Sony LYTIA600 - 4K Semua Lensa - 32MP Selfie - 6.72"" - IP64 GG7i MIL810H - Dolby Stereo",3698000.0,250.0,jakarta utara (kota),tokopedia
Infinix Note Edge 5G [8/256 GB] Garansi Resmi Infinix Indonesia,6099900.0,500.0,jakarta barat (kota),tokopedia
Samsung Galaxy A56 5G 8/256GB 12/256GB NFC Garansi Resmi Indonesia SEIN,5961000.0,8000.0,jakarta pusat (kota),tokopedia
HP Hot 40 16GB+512GB HD Handphone android hp 7000mAh 5G HP murah Smartphone 7.5inci Dual Card SIM Garansi Resmi Bisa COD Ponsel Pintar Baru infinix hot 40 /infinix hot 40 5G handphone,3099000.0,2.0,jakarta selatan (kota),tokopedia
HP XIAOMI REDMI 2 1GB 8GB MURAH TERLARIS,6050000.0,90.0,jakarta barat (kota),tokopedia
ITEL SUPER 26 ULTRA - T7300 Ultra Gaming Processor - Corning Gorilla 7i - IP65 - 3D Curved Amoled Screen- 32MP Selfie Camera - 6000mAH,2794000.0,2000.0,jakarta barat (kota),tokopedia
Samsung Galaxy A07 4GB/64GB|8GB/256GB Garansi Resmi Segel Box BNIB,4511040.0,40.0,bogor (kabupaten),tokopedia
[ALL OPERATOR] iPhone 13 128GB 256GB 512gb  MULUS DIJAMIN SECOND ORIGINAL 100%,5349900.0,250.0,jakarta barat (kota),tokopedia
Maxtron S11 Galaxy RAM 4/32 GB Garansi Resmi,4273000.0,6.0,tangerang (kota),tokopedia
Samsung Galaxy A17 5G 8/256GB Garansi Resmi,2829000.0,1000.0,tangerang (kota),tokopedia
"Handphone HP POCO C75 6/128GB 8/256GB Layar 6,88"" 50MP AI 18W Pengisian cepat NFC",1998998.0,50.0,jakarta pusat (kota),tokopedia
Nubia Neo 3 5G 256GB [ Ram 8GB ] Black Gold Silver Garansi Resmi Indonesia - HP Gaming  Smartphone,2715900.0,100.0,jakarta pusat (kota),tokopedia
Realme 16 5G 8/256GB & 12/256GB Mediatek Dimensity 6400 Turbo AMOLED 50MP 7000mAh | Garansi Resmi Realme Indonesia 1 Tahun,4910000.0,5.0,tangerang (kota),tokopedia
OPPO CUCI GUDANG HANDPHONE MURAH ORIGINAL FULLSET GARANSI RESMI Tipe C71 Y28 A58 Reno12F Harga Terjangkau,2900998.0,40.0,balikpapan (kota),tokopedia
OPPO Reno 15 5G RAM 12/256GB Garansi Resmi,3498900.0,2.0,bandung (kota),tokopedia
HANDPHONE REDMI 10A SECOND,8971000.0,100.0,palembang (kota),tokopedia
oppo reno 13 5g 8 256  murce harga nya  bisa kredit,3698000.0,250.0,medan (kota),tokopedia
Handphone HP Samsung Galaxy A56 5G 8/256GB 12/256GB NFC Garansi Resmi SEIN,5672000.0,60.0,jakarta pusat (kota),tokopedia
Xiaomi 12 Lite (Preloved),1844000.0,100.0,bandung (kota),tokopedia
F1S Handphone RAM 4GB/64GB HP Murah Cuci Gudang SmartPhone Android Lengkap Aksesoris Garansi 1 Tahun,495900.0,50.0,tangerang (kabupaten),tokopedia
promo cuci gudang Samsung Galaxy A56 5G 8GB/256GB I 12GB/256 Garansi resmi Samsung Indonesia,8719000.0,40.0,jakarta pusat (kota),tokopedia
[DZAKIYAH STORE] SAMSUNG GALAXY A07 4G NEW GARANSI RESMI 1 TAHUN,2468000.0,70.0,surakarta (kota),tokopedia
Realme C85 NFC [6/128 GB] [8/256 GB] Garansi Resmi Indonesia,1699000.0,90.0,jakarta barat (kota),tokopedia
Samsung Galaxy A17 5G 8/256GB Garansi Resmi Original,2829000.0,50.0,tangerang (kota),tokopedia
Samsung Galaxy A26 5G 8/256 GB 8GB 256GB Smartphone,3975000.0,500.0,jakarta pusat (kota),tokopedia
Samsung Galaxy A56 5G 12/256GB | 8/256GB Garansi Resmi SEIN,5789900.0,1000.0,jakarta pusat (kota),tokopedia
handhpone bekas original infnik,4199000.0,7.0,sukabumi (kabupaten),tokopedia
HOKA hp 6300 dual sim new hitam handphone 6300,279000.0,40.0,jakarta utara (kota),tokopedia
Evercoss M6A 3/16 Ram 3GB Internal 16GB Garansi Resmi,529000.0,90.0,jakarta pusat (kota),tokopedia
Orderan Mix Payment 2,2541000.0,250.0,deli serdang (kabupaten),tokopedia
handphone 1280 senter hp 1280 hitam,118800.0,100.0,jakarta utara (kota),tokopedia
Samsung Galaxy M10 garansi resmi original,3915840.0,4.0,depok (kota),tokopedia
Xiaomi Redmi Note 15 (8/128 GB) (8/256 GB) AMOLED FHD+ with 108MP Camera 6000mAh Garansi Resmi,2922000.0,100.0,jakarta pusat (kota),tokopedia
VIVO T1 5G 8/256 SECOND FULLSET,2501998.0,1.0,jakarta timur (kota),tokopedia
Samsung Galaxy Z flip 256GB Resmi SEIN original Murah,3135000.0,4.0,depok (kota),tokopedia
"Moto G57 Power 5G - RAMBoost 24GB/256GB -  Snapdragon6s Gen4 - Antutu 625K - 7000mAh SiliconCarbon - 50MP Sony LYTIA600 - 8MP Selfie - 6.72"" - IP64 GG7i MIL810H - Dolby Stereo",1743000.0,100.0,jakarta utara (kota),tokopedia
Infinix Note 50 Pro 8/256GB - Up to 16GB Extended RAM - Helio G100 Ultimate - 6.78” FHD+ Amoled - 50MP OIS - 5200 mAh - NFC,3199000.0,250.0,bekasi (kota),tokopedia
XIAOMI REDMI NOTE 15 PRO 5G 12GB 512GB ANDROID 15 ORIGINAL GARANSI RESMI,4798000.0,17.0,depok (kota),tokopedia
Mi note lte/mi note bamboo 16GB,4200000.0,3.0,karawang (kabupaten),tokopedia
live handphone E1272 caramel new garansi hp 1272 dual sim hitam,199999.0,60.0,jakarta utara (kota),tokopedia
Samsung  galaxy j2 prime seken,160000.0,30.0,cirebon (kabupaten),tokopedia
Handphone Jadul | HP Nokia 105 2023 Dual SIM - Garansi TAM 1th,115000.0,750.0,jakarta pusat (kota),tokopedia
Vivo 1902 Y17 4/128gb - BEKAS Second NEGO,3194900.0,30.0,medan (kota),tokopedia
Apple iPhone 14 - Garansi Resmi Apple Indonesia,9149000.0,3000.0,jakarta utara (kota),tokopedia
dua handphone samsung S21+ free req imei,278000.0,2.0,jakarta barat (kota),tokopedia
[jikalaku] Nokia 105 Fox 2024 Garansi Resmi,1310289.0,250.0,jakarta pusat (kota),tokopedia
Berhadia Elektronik Mestery / Kotak Mestery Dapatkan hp/mestery Box Jam Tangan.,159900.0,70.0,ogan ilir (kabupaten),tokopedia
samsung keystone 2 hp telpon,3179000.0,2.0,sukoharjo (kabupaten),tokopedia
Vivo 1902 Y17 4/128gb - BEKAS Second NEGO,3194900.0,30.0,medan (kota),tokopedia
Apple iPhone 14 - Garansi Resmi Apple Indonesia,9149000.0,3000.0,jakarta utara (kota),tokopedia
dua handphone samsung S21+ free req imei,278000.0,2.0,jakarta barat (kota),tokopedia
[jikalaku] Nokia 105 Fox 2024 Garansi Resmi,1310289.0,250.0,jakarta pusat (kota),tokopedia
Berhadia Elektronik Mestery / Kotak Mestery Dapatkan hp/mestery Box Jam Tangan.,159900.0,70.0,ogan ilir (kabupaten),tokopedia
samsung keystone 2 hp telpon,3179000.0,2.0,sukoharjo (kabupaten),tokopedia
Handphone Nokia Jadul murah,138000.0,250.0,surakarta (kota),tokopedia
Handphone Jadul | HP Nokia 105 2023 Dual SIM - Garansi TAM 1th,115000.0,750.0,jakarta pusat (kota),tokopedia
Handphone Jadul | HP Nokia 105 2024 Dual SIM Jaringan 2G 1000 mAh - Garansi 1 Tahun,289000.0,60.0,jakarta pusat (kota),tokopedia
HANDPHONE AWAN (Red Finger),549000.0,4.0,serang (kota),tokopedia
iPhone 13 128GB MULUS ALLPROV,1783000.0,1.0,bekasi (kabupaten),tokopedia
ZTE Nubia Focus Pro 5G NFC / Nubia Focus 2 5G RAM 8GB ROM 256GB | HP Gaming & Kamera AI | Garansi Resmi [ Redmi note 14 / 15 / OPPO A6 Pro / Vivo V60 Lite ],2449000.0,250.0,jakarta pusat (kota),tokopedia
Xiaomi Poco C71 4/128GB Black Blue Gold Garansi Resmi,1631868.0,3000.0,jakarta pusat (kota),tokopedia
redmi 14c termurah 6/128 new,495000.0,4.0,bantul (kabupaten),tokopedia
Iphone 13 128 gb inter beacukai,1426000.0,4.0,tangerang (kabupaten),tokopedia
Nubia V70 Max 128GB  [ Ram 6GB ] Gray Green  Garansi Resmi Indonesia,1341900.0,250.0,jakarta pusat (kota),tokopedia
oppo a3s fullset ram 2/16GB like new !!,189000.0,4.0,bekasi (kota),tokopedia
SHARP AQUOS R3 -  - MULUS - RAM 6Gb - Second,849000.0,3.0,jakarta selatan (kota),tokopedia
Samsung Galaxy A56 5G RAM 8/256GB & 12/256GB Resmi SEIN Garansi Indonesia,5007000.0,3000.0,jakarta pusat (kota),tokopedia
SAMSUNG A07 4G RAM 16GB/256GB FULLSET GARANSI RESMI SAMSUNG INDONESIA 100%,7544000.0,1.0,banjarbaru (kota),tokopedia
Apple iPhone 13 128GB 256GB 512GB Garansi Resmi,8529000.0,500.0,jakarta pusat (kota),tokopedia
Samsung Galaxy A07 LTE 64GB / 128GB / 256GB  [ Ram 4GB / 6GB / 8GB ] Black Violet Green Resmi Samsung Indonesia,1488900.0,250.0,jakarta pusat (kota),tokopedia
Xiaomi Redmi 4A LTE 2/16GB Second Ex Resmi Normal Pemakaian TESTED,1012146.0,3.0,tangerang (kota),tokopedia
VIVO Y71 RAM 6/128Gb GARANS DISTRIBUTOR,2920000.0,70.0,jakarta selatan (kota),tokopedia
Oppo A6X 64GB 128GB 256GB [ Ram 4GB / 6GB ] Purple Blue Garansi Resmi Indonesia,1914900.0,23.0,jakarta pusat (kota),tokopedia
Iphone 13 128 gb inter beacukai,268900.0,4.0,tangerang (kabupaten),tokopedia
Nubia A56 4/128GB & Nubia A36 4/64GB | HP Gaming & Original | Garansi Resmi [ Not Infinix Smart 10 / Poco C85 / Redmi A5 / Samsung A07 ],1242000.0,1000.0,jakarta pusat (kota),tokopedia
Original Y12S  phone 16G RAM+512GB ROM Cellphone on sale with Fingerprint Recognition Mobile phone,799000.0,7.0,jakarta utara (kota),tokopedia
APPLE IPHONE 13 128gb NEW GARANSI 1 TAHUN,2000000.0,4.0,lombok tengah (kabupaten),tokopedia
[ Promo Akhir Tahun ] Iphone 17 Pro Max 1 TERA Like New 99% Amanah dan Bergaransi,693000.0,4.0,jakarta barat (kota),tokopedia
HP Apple iPhone 15 PRO/15 PRO MAX 64/128/256GB/512GB Fullset Second 100% Original Ex Internasional,2312500.0,70.0,jakarta utara (kota),tokopedia
[NEW PRODUCT] Handphone Gaming REDMAGIC 11 PRO 5G Snapdragon 8 Elite Gen 5 RAM 16GB + ROM 512GB Liquid Cooling,1399000.0,80.0,tangerang (kota),tokopedia
ZTE NUBIA V80 MAX 6GB/128GB & 8GB/128GB GARANSI RESMI - SMARTPHONE,1979000.0,250.0,binjai (kota),tokopedia
"Official itel S25 ULTRA 8+8/ 512GB - 6.78""FHD+ Amoled 3D 120hz - 6.9mm Ultra Slim Design - NFC - IP64",864000.0,4000.0,jakarta barat (kota),tokopedia
Vivo V50 5G - ALL PROVIDER INDONESIA,1500000.0,14.0,tangerang (kabupaten),tokopedia
OPPO A6 Pro 8GB+128/256GB (Garansi Resmi),4499000.0,100.0,tangerang (kota),tokopedia
xiaomi redmi a2 - black,749000.0,3.0,tanah bumbu (kabupaten),tokopedia
hp V15 ram 8/256Gb 6.53inci 4000mAh android smartphone,720300.0,3.0,jakarta utara (kota),tokopedia
[2025 Baru] Smartphone TENO CAMON 40 Pro HP Murah Asli 6.78 Inch Layar AMOLED 16GB+ 256GB 5000mAh Bateri 4G/5G WIFI Dual Card SIM Handphone Ponsel Cuci Gudang 2025 Termurah Promo TErbaru Original 100% Bisa COD,2028000.0,1.0,tangerang (kabupaten),tokopedia
Smartphone C40 Pro 5G Wi-Fi 7.3-inch 16-inch 512GB RAM 6800mAh Android 11 with GPS and Bluetooth,1729000.0,1.0,jakarta utara (kota),tokopedia
[ LIVE SPESIAL ] INFINIX SMART 20 4/64 & 4/1128 NEW GARANSI RESMI,1623000.0,13.0,medan (kota),tokopedia
[Produk Baru] Ponsel Tecnno Camon 40 Pro 5G 6.8 Inci 12GB RAM 512GB ROM Android 12.0 Dual SIM/WiFi Handphone,1699000.0,1.0,surabaya (kota),tokopedia
Apple iPhone 15 128GB Resmi Indonesia,11350000.0,28.0,serang (kabupaten),tokopedia
"[Sale] N77 Plus+ Handphone Murah 7.3 inci Layarcuci gudang GamingPhone 16GB+1TB 2026 Asli Android14.0 4G/5G WFl Dual Card SlM - 72+108MP Kamera, Smartphone",2000000.0,3.0,surabaya (kota),tokopedia
[Promo Akhir Pekan]  S-24 Ultra 7.5inch Layar Full Screen 100% Original 16GB+1TB 8000mAh 72MP+108MP Kamera Ultra Wide Garansi Toko Bisa COD,23479000.0,1.0,tangerang (kabupaten),tokopedia
Infinix Smart 7 Ram 4/64 Ram 3/64 Extended Ram 3GB Garansi Resmi,1102000.0,8.0,tangerang (kota),tokopedia
Tecno spark go 1 4/64 garansi resmi 1 tahun,1060000.0,3.0,bekasi (kabupaten),tokopedia
"-Handphone Pova 6 Pro Baru Original 7,5 Inci KameraHD 4G/5G RAM 16GB+1TB",1717544.0,3.0,jakarta utara (kota),tokopedia
Original Y12S  phone 16G RAM+512GB ROM Cellphone on sale with Fingerprint Recognition Mobile phone,2160000.0,2.0,jakarta utara (kota),tokopedia
A56 5G 8GB+256GB Harga Promo Terbatas dengan Kamera 50MP OIS HDR & Charge 45W Super Fast Charge Smartphone Canggih dan Fitur Lengkap,1988000.0,3.0,jakarta barat (kota),tokopedia
OPPO A5S RAM 6 GB Internal 128GB (mall) SEMUA PRODUK LAGI PROMO New FULLSET Garansi 12 bulan,19999000.0,30.0,jakarta barat (kota),tokopedia
"LIVE A7.8 RAM 8/256GB ,A3.S RAM 6/128GB Android Fullset Garansi 1 Tahun hpbagus murah",1449000.0,100.0,jakarta barat (kota),tokopedia
Infinix Smart 10 RAM 4GB/128GB Warna Silver Siap Stok Dengan Spesifikasi RAM 4GB & Kapasitas Memori 128GB,1550000.0,2.0,manado (kota),tokopedia
"Galaxy A35 smartphone 16+1TB Memotret barang baru, model baru",950000.0,1.0,jakarta barat (kota),tokopedia
Xiaomi Poco C65 [6/128 GB] [8/256 GB] Garansi Resmi || Ells Store,1394000.0,5.0,bantul (kabupaten),tokopedia
"Bisa COD Cicilan [Penawaran terbatas waktu] Untuk Galxy Z Fold6 - Snapdragon 8 Gen 3 | 16GB+1024GB | HP Produktivitas untuk Pebisnis - Smartphone Lipat - Layar Utama 7.3"" Dynamic, S Pen Support Garansi 12 bulan S 25 ya cara dapet flash sale ribu",2999000.0,21.0,tangerang (kabupaten),tokopedia
"Ponsel Y17 RAM 8/256GB,Y67 RAM 6/128GB dengan Kamera Triple  5000mah- Garansi 1 Tahun Android Fullset",1199999.0,1000.0,jakarta barat (kota),tokopedia
SMARTPHONE REALME HITAM 11 NFC 8GB+8GB* | 256GB ( 67W SUPERVOOC CHARGE,5000000.0,12.0,karawang (kabupaten),tokopedia
INFINIX HOT 6Oi 8/256 GB GARANSI RESMI,2299000.0,12.0,makassar (kota),tokopedia
SMARTPHONE REALME GOLD 11 NFC 8GB+8GB* | 256GB ( 67W SUPERVOOC CHARGE,10000000.0,13.0,karawang (kabupaten),tokopedia
Handphone HP Samsung Galaxy Z Fold7 16GB/1TB Smartphone AI Hp Lipat Tipis Kamera 200MP,1199000.0,70.0,jakarta pusat (kota),tokopedia
OPPO A55 4GB/64GB Smartphone,4955230.0,22.0,salatiga (kota),tokopedia
TELPON SELULER A17 RAM 6/128 GB GRESS SEGEL BARU GARANSI 1 TAHUN,900000.0,1.0,tasikmalaya (kota),tokopedia
"HP Y17 RAM 8/256GB, Y71 RAM 6/128GB dengan Kamera Triple 13MP, 8MP, 2MP 5000mah- Garansi 1 Tahun Android Fullset",1250000.0,1000.0,jakarta barat (kota),tokopedia
( Exclusive Live Kohcun ) Apple Iphone 17 Pro Max 256GB I 512GB I 1TB Garansi Apple 1 Tahun,1250000.0,16.0,jakarta pusat (kota),tokopedia
SMARTPHONE REALME HITAM 11 NFC 8GB+8GB* | 256GB ( 67W SUPERVOOC CHARGE,5000000.0,12.0,karawang (kabupaten),tokopedia
Smartphone-Y93.s asli ori Handphone RAM 8/256 GB,1560000.0,250.0,tangerang (kota),tokopedia
infinix smart 8 pro 8/128 - ram 8gb Rom 128gb garansi resmi no repack,1649000.0,1.0,blora (kabupaten),tokopedia
Smartphone A78 Mobile Phone 16GB+512GB Android Smartphone 5G WIFI Cheap Phone Gaming Phone,1711600.0,6.0,jakarta utara (kota),tokopedia
new INFINiX Smart 9 4+4/64gb warna mix,1500000.0,4.0,tangerang (kabupaten),tokopedia
Smartphone A53 Ram 8Gb Internal 256Gb All Operator Garansi,920000.0,30.0,jakarta pusat (kota),tokopedia
Infinix Hot 60i ram 6/128 Gb garansi resmi fresh no repack,1779000.0,100.0,surakarta (kota),tokopedia
Realme C2 3/32GB | 2/32GB Original Second Normal Garansi,829000.0,50.0,surabaya (kota),tokopedia
A77S HP SMARTPHONE MURAH DI LIVE BERGARANSI 12 BULAN TERMURAH Handphone Camera Led,925000.0,20.0,jakarta barat (kota),tokopedia
Smartphone Handphone Android13 S24Ultra 7.3inch 7800mAh 16GB+1TB Baru Dual SIM Card 4G/5G WIFI HD Kamera 50MP+108MP Drop Screen Bisa COD,7999000.0,100.0,surabaya (kota),tokopedia
"HP LIVE Y17 8/256GB, Y71 6/128GB dengan Layar 5000MAH dan Garansi 2 Tahun - Bluetooth, Camera - Kartu - Handphone",775000.0,10.0,jakarta barat (kota),tokopedia
"baru hp y17 ram 8/256gb, y67 ram 6/128gb garansi 1 tahun fullset",1588000.0,100.0,jakarta barat (kota),tokopedia
"HP LIVE  Y17 8/256GB, Y71 6/128GB dengan Layar 5000MAH dan Garansi 2 Tahun - Bluetooth, Camera - Kartu - Handphone",1588000.0,100.0,jakarta barat (kota),tokopedia
"LIVE Y17 RAM 8/256,Y71 RAM 6/128 GARANSI 1 TAHUN 5000 MAH ANDROID HITAM",1750000.0,250.0,jakarta barat (kota),tokopedia
Smartphone S24Ultra 7.3inch 7800mAh 16GB+1TB Android13 Handphone Dual SIM Card 4G/5G WIFI HD Kamera 50MP+108MP GPS,7999000.0,2.0,surabaya (kota),tokopedia
"baru hp y17 ram 8/256gb, y67 ram 6/128gb garansi 1 tahun fullset",1588000.0,27.0,jakarta barat (kota),tokopedia
"Smartphone LIVE HP Y17 RAM 8/256GB, Y71 RAM 6/128GB dengan Garansi 1 Tahun Android Fullset - Bluetooth - Kamera, Camera",8000000.0,100.0,jakarta barat (kota),tokopedia
hp samsung galaxy a14 ram 6/128gb,800000.0,5.0,jakarta pusat (kota),tokopedia
Smartphone A3.S ORI android Ram 6GB+12GB,2160000.0,100.0,tangerang (kota),tokopedia
Smartphone Galaxy Flip5 Wifi Bluetooth Android 14.0 50 juta piksel + 50 juta piksel + 64 juta piksel 16GB RAM + 1TB ROM,2000000.0,20.0,jakarta barat (kota),tokopedia
[TURUN HARGA] Infinix Smart 10 3/64GB - Up to 6GB Extended RAM - 6.67 inch 120Hz HD+ - T7250 - 5000 mAh,1850000.0,1000.0,semarang (kota),tokopedia
BISA COD  LIVE HP Y17 MURAH BERGARANSI 1 TAHUN SAMA Y71 BISA COD BERGARANSI 12 BULAN Handphone smartphones,568000.0,4.0,jakarta barat (kota),tokopedia
LIVE NEW SMARTPHONE A3S RAM 6/128 GARANSI 1 TAHUN 6.2 INCI ANDROID HITAM,489000.0,100.0,jakarta barat (kota),tokopedia
INFINIX SMART 10 4/64 & 4/128 NEW GARANSI RESMI,2499000.0,100.0,medan (kota),tokopedia
"HP 2026 Samsug Galaxy S 25 Ultra+ 7.5Inch Layar Gaming Baru Phone 16GB+1TB Android14.0 4G/5G WIFI Dual Card SlM-Kamera,Bluetooth -Layar,Smartphone-Screen,Handphone",809999.0,1.0,surabaya (kota),tokopedia
Smartphone raelme 12 Pro+ 5G 6.7inch Layar besar Handphone 12GB+512GB Penuh ORl HP 5000mAh Kamera 64MP Periscope In-Display Fingerprint Android 14.0 HP Murah 5G,3680000.0,1.0,tangerang (kabupaten),tokopedia
[ LIVE SPESIAL ] INFINIX SMART 10 4/64 & 4/128 NEW GARANSI RESMI,750000.0,1000.0,medan (kota),tokopedia
"BARU HP Smartphone A31,A3S  RAM 6/128GB Android Fullset Garansi 1 Tahun - Handphone, Bluetooth hpbagus  murah",13990000.0,15.0,jakarta barat (kota),tokopedia
SMARTPHONE BARU Y71 RAM 6/128 Y67 RAM 6/128 GB GARANSI 1 TAHUN ANDROID BISA COD paylater hp,3299000.0,50.0,jakarta barat (kota),tokopedia
OGCPP BISA COD Hadiah Gratis NEW Android S24ultra 12GB/512GB 7000mAh Smartphone Caransi 1Tahun Dengan Kualitas 5G & Bluetooth Diskon Super Gara,3300000.0,17.0,jakarta barat (kota),tokopedia
POCO F7 12/512 BNIB NOREPACK,5899990.0,28.0,karawang (kabupaten),tokopedia
[ LIVE SPESIAL ] INFINIX SMART 10 4/64 & 4/128 NEW GARANSI RESMI,2500000.0,1000.0,medan (kota),tokopedia
Infinix Note 60 8/256GB - Up to 16GB Extended RAM - Dimensity 7400 Ultimate - 6.78” 1.5K Amoled - 50MP - 6500 mAh - NFC,4099000.0,250.0,semarang (kota),tokopedia
Smartphone A97 6.7Inch HD Screen 16+512GB 5G Mobile Phone Android Support 2 SIM Card 1 Year Warranty,1572000.0,750.0,jakarta utara (kota),tokopedia
(Creators Special) ZTE NUBIA A36 (4+8)GB/64GB Smartphone Kamera AI 13MP Garansi Resmi Nasional,1349000.0,15.0,deli serdang (kabupaten),tokopedia
"[Diskon Besar] CAMON 40 Pro HP Asli 7,3 Inch Layar Penuh 16GB+1TB 7800mAh 4G/5G WiFi Dual SIM Cuci Gudang 2026 Promo Gila Bisa COD",2399000.0,100.0,tangerang (kabupaten),tokopedia
ZTE NUBIA A56 4/128 NEW GARANSI RESMI,1799000.0,3.0,medan (kota),tokopedia
Handphone Murah GT 20 Pro 7.5 Inch HD Layar 16GB+1TB Android14.0 4G/5G WIFI GamingPhone Dual Card SlM - Bluetooth - Layar Smartphone,985000.0,2.0,surabaya (kota),tokopedia
Samsung Galaxy Z Fold 7 12/512GB 16/1TB Smartphone AI Lipat Garansi Resmi,800000.0,70.0,jakarta pusat (kota),tokopedia
Smartphone Note 50 Android Support 2 SIM Cards 6.8Inch 6800mAh 16+512GB Mobile Phone 1 Year Warranty,1663000.0,18.0,jakarta utara (kota),tokopedia
realme P3 Lite 4GB+8GB 128GB 6300mAh NFC Display,1572000.0,100.0,bandar lampung (kota),tokopedia
Samsung J7 2016 ( J710 ) | Support NFC | Normal Garansi Toko,800000.0,13.0,surabaya (kota),tokopedia
hp murahan ori Reno 7 pro Layar Full screen 7inch hpmuah Ram besar 8gb,1237000.0,10.0,jakarta barat (kota),tokopedia
[Bisa COD] HP  S 25 Ultra 2026 Murah Cuci Gudang Handphone Asli 7.5inci Layar 16GB+1TB 5G WiFi Bluetooth Android 14.0 dengan 8000mAh Kamera 108MP+72MP 12Core Face Unlock Snapdragon 8 Gen3 Bisa Cicilan,499000.0,13.0,tangerang (kabupaten),tokopedia
Infinix Note 50S 5G+ 8/256GB - Up to 16GB Extended RAM - Dimensity 7300 Ultimate - 6.78” 3D Curved FHD+ Amoled - 64MP OIS - 5200 mAh - NFC,1400000.0,3000.0,semarang (kota),tokopedia
IPhone 13 Pro Max 256gb siera blue,9900000.0,1.0,ende (kabupaten),tokopedia
iQOO Z10R 5G - Smartphone dengan Kualitas Terbaik,4000000.0,60.0,surabaya (kota),tokopedia
SMARTPHONE Y03 RAM 8/256GB KAMERA 13MP LAYAR 6.56 INCI GARANSI 1 TAHUN ORIGINAL BISA COD BERGARANSI LAYANAN CEPAT,495000.0,3.0,tangerang (kabupaten),tokopedia
Hp Xiaomi Redmi 6A 2/16GB GOLD Second Mulus Original,1000000.0,40.0,palembang (kota),tokopedia
SMARTPHONE Y66 RAM 4/64GB GARANSI 1 TAHUN BISA COD,585000.0,28.0,tangerang (kabupaten),tokopedia
IQoo Z10 5G 12/512GB Garansi Resmi,5149000.0,27.0,makassar (kota),tokopedia
Mito Z3 new type 2021,855000.0,4.0,bandung (kabupaten),tokopedia
S26 Ultra HP Terbaru 2026 16GB+1TB 5G WIFI HP Gaming Layar HD Dual SIM Android14,1199999.0,1.0,surabaya (kota),tokopedia
Infinix Hot 50I 6/128GB - Up To 12GB,900000.0,12.0,jakarta selatan (kota),tokopedia
motorolla MOTO G45 5G RAM 8+8/256GB Garansi Resmi TAM,1500000.0,100.0,jakarta barat (kota),tokopedia
"Pooc X6 Pro 5G 12/512GB - HP Gaming Flagship Killer! - Smartphone - Chipset Dimensity 8300-Ultra, Layar 1.5K 120Hz, Performa Gahar.",1919000.0,12.0,tangerang (kabupaten),tokopedia
[BARU] OPPO A6t Online Exclusive 4GB+64/128GB & 6GB+128GB (Garansi Resmi),1593000.0,750.0,tangerang (kota),tokopedia
[EXCLUSIVE PUTRA SIREGAR] OFFICIAL INFINIX SMART 10 Plus - Garansi Resmi - 8+8/128 GB - 6000 mAh - NFC Touch Transfer - IP64 Dust & Water Resistant,1637000.0,100.0,jakarta barat (kota),tokopedia
[ LIVE SPESIAL ] INFINIX SMART 10 4/64 & 4/128 NEW GARANSI RESMI,1599000.0,1000.0,medan (kota),tokopedia
smartphone Y12 (1904),1800000.0,10.0,jakarta barat (kota),tokopedia
"Pova6 smartphone asli, 16+512GB, 5G telepon, layar paparan 6,8 inci, 108mp kamera definisi tinggi",2618288.0,3.0,jakarta barat (kota),tokopedia
Hp Xiaomi Redmi 6A 2/16GB GOLD second Mulus Original,1000000.0,30.0,palembang (kota),tokopedia
"LIVE HP MURAH BISA COD V15 RAM 8/256,Y71 RAM 6/128 GARANSI 1 TAHUN 5000 MAH ANDROID HITAM",8350000.0,5.0,jakarta barat (kota),tokopedia
(Exclusive Devgadget) TECNO Spark Go 3 4GB/64GB 4GB/128GB (4GB Extended RAM) Garansi Resmi Nasional,1449000.0,500.0,deli serdang (kabupaten),tokopedia
A37 HP Murah Cuci Gudang RAM 3GB/32GB Smartphone Cuci Gudang 4G Handphone Android Garansi 1 Tahun,2250000.0,80.0,tangerang (kabupaten),tokopedia
Hp LG Wing 5G F100N RAM 8GB/128GB Android Fullset Baru Bergaransi,6499000.0,9.0,jakarta barat (kota),tokopedia
[Bisa COD] HP CAMON 40 Pro 2025 Murah Cuci Gudang Handphone Asli 6.78inci Layar 16GB+256GB 5G WiFi Bluetooth Android 14.0 dengan 5000mAh Kamera 108MP OIS+32MP Face Unlock Smartphone Fotografi,1939000.0,1.0,tangerang (kabupaten),tokopedia
"Galaksi A15 smartphone, 16+512GB, layar paparan 6,8 inci, kamera AI 108mp, 33W muatan cepat",2632866.0,1.0,jakarta barat (kota),tokopedia
[Secondhand] iPhone 15 Pro Max ex iBox Beacukai IMEI Permanen Garansi 12 Bln Kualitas Teruji Resmi FULLSET 256GB 512GB 1TB,1500000.0,14.0,jakarta selatan (kota),tokopedia
Apple iPhone 17 512GB & 256GB A19 Chip Smartphone Hitam Putih Mist Biru Sage Lavender,1225000.0,70.0,jakarta pusat (kota),tokopedia
"Galaxy A06 smartphone 16+512GB  Kecerahan Penuh Meningkat, Pengisian Daya Super 40W",1400000.0,12.0,jakarta barat (kota),tokopedia
"Smartphone Redme 13 Pro+ - Charging 120W HyperCharge! Isi Daya Penuh 19 Menit, Kamera 200MP - Teknologi Terdepan di Tangan Anda.",4025635.0,250.0,tangerang (kabupaten),tokopedia
"[COD] U46 7.5inci Layar GamingPhone Murah Handphone Asli 16GB+1TB Android14.0 4G/5G WIFI Dual Card SlM-Kamera,Bluetooth -Layar,Smartphone",1850000.0,100.0,surabaya (kota),tokopedia
handphone  realme note 50,1400000.0,11.0,tegal (kabupaten),tokopedia
[2025 NEW]  XS16 HP 4GMini Android ram 12/512G Smartphone jaringan 4G Garansi Termurah XS16,4699000.0,21.0,jakarta barat (kota),tokopedia
Smartphone - Iphone 13 128GB (Garansi Resmi Ibox),15199000.0,80.0,padang (kota),tokopedia
[2025 NEW ]  Mini HP Phone hp Mini android RAM 8GB/128GB jaringan 4G  NEW GARANSI RESMI,1599000.0,9.0,jakarta barat (kota),tokopedia
Handphone Y17.asli ori ANDROlD smartphone RAM8+256GB,1999000.0,6.0,tangerang (kabupaten),tokopedia
Evercoss Xtreme Mini 4G HP 4G Murah Handphone Android Murah Smartphone,499000.0,28.0,pemalang (kabupaten),tokopedia
Smartphone 5G Galaxy S24 Ultra Handphone Android14.0 7.5inci Layar Smartphone 5G HP Terbaru Dual SIM Card 8000mAh 16GB +1TB COD,1755000.0,70.0,surabaya (kota),tokopedia
"A25 5G 8/128GB HP Keluarga 5G dengan Layar Smooth Smartphone Layar Super AMOLED 120Hz, Exynos 1280, Kamera 50MP, Garansi Resmi",1999000.0,2.0,tangerang (kabupaten),tokopedia
iphone 5s ex inter 16gb,500000.0,30.0,tangerang (kabupaten),tokopedia
Smartphone Neo 6 Slot kartu SIM ganda Layar melengkung layar penuh Biaya super 6800MAh 16GB RAM + 1TB ROM,1125000.0,5.0,jakarta barat (kota),tokopedia
Xiaomi Redmi Note 15 Pro 5G (8/256GB) (12/512GB) [Xiaomi Official Store],4729000.0,4000.0,tangerang (kabupaten),tokopedia
Samsung Galaxy A06 6/128 | 4/128 GB New Garansi Resmi Sein Handphone Smartphone,1549000.0,100.0,surabaya (kota),tokopedia
INFINIX NOTE 50 PRO NFC 8/256 NEW GARANSI RESMI,800000.0,1000.0,medan (kota),tokopedia
[Promo Besar]  S.25 Ultra Android 14.0 Layar 7.5 Inci 5000mAh 72MP+108MP Kamera 16GB+1TB 5G Original Garansi Resmi 1 Tahun Bisa COD,2999000.0,2.0,tangerang (kabupaten),tokopedia
[Bonus Free Gift]  S.24 Ultra Smartphone 5G Pro Series 7.5 Inch 8000mAh Cooling System Max Kamera 72MP+108MP Wide Selfie Ultra 16GB+1TB Smartphone Murah Bisa COD Garansi Resmi,1999000.0,2.0,tangerang (kabupaten),tokopedia
Hp Promo Galaxy S24 Ultra Ponsel 7.3inci 12GB+512GB Dual SIM 4G/5GWIFI Snapdragon 8 Gen 2 1 Set Mobilator untuk Hp Promo Gaming Phone Telepon Smartphone Handphone Cara Kredit Hp Di Tiktok Shop 8000mAh 72+108MP murah promo paylater tiktok,705000.0,19.0,surabaya (kota),tokopedia
"[Cicilan Ringan] HP V27e Android 14 Layar 7,5 Inci 8000mAh 72MP+108MP Kamera 16GB+1TB 4G/5G WiFi Dual SIM Handphone Cuci Gudang 2025",800000.0,5.0,tangerang (kabupaten),tokopedia
Tecno Spark Go1 3+3/64 4+4/64 4+4/128,1029000.0,15.0,cirebon (kota),tokopedia
[NEW] TECNO SPARK GO 1 4/64GB,1020000.0,250.0,jakarta timur (kota),tokopedia
S.25 Ultra 7.5Inci Android 14.0 8000mAh 72MP+108MP 16GB+1TB Fingerprint Unlock Handphone Asli Bisa COD,6099000.0,1.0,tangerang (kabupaten),tokopedia
Apple Smartphone Iphone 15 128GB Blue MTP43SA/A_G,13279000.0,11.0,jakarta selatan (kota),tokopedia
OPPO Reno11 F 5G 8GB/256GB - Hijau,1000000.0,16.0,jakarta utara (kota),tokopedia
iPhone 12 128 gb ex ibox fullset garansi on nov 2025,2450000.0,3.0,tangerang (kota),tokopedia
Samsung S24+ 12/512,300000.0,16.0,surabaya (kota),tokopedia
"Y93 HP Murah Cuci Gudang RAM 8GB/256GB | Android Smartphone | 6.2"" Screen | 13MP+8MP Camera | Handphone",925000.0,28.0,tangerang (kabupaten),tokopedia
[ Bisa COD ] HP Murah Galaxy S24 Ultra Smartphone 5G 7.5inci Layar HD 16GB+1024GB 4G/5G WIFI Dual Card SIM 8000mAh Gaming phone Android14.0,2399000.0,250.0,surabaya (kota),tokopedia
Samsung Galaxy S25 FE [8/256GB] | Smartphone AI | Android | Galaxy AI | 4900 mAh | Exynos 2400,800000.0,250.0,jakarta utara (kota),tokopedia
"[RECOMENDED SELLER] HP Smartphone V27e 12/256GB Handphone Original 7.3"" 120Hz 6800mAh AMOLED 33W Charging 50MP AI Kamera NFC Free Screen Protector",800000.0,2.0,tangerang (kabupaten),tokopedia
iphone 11 64gb ibox,5000000.0,12.0,karawang (kabupaten),tokopedia
S.25 Ultra 7.5inci Layar 16GB+1TB 7900mAh 72MP+108MP 5G Dual SIM Handphone Asli Bisa COD,13279000.0,1.0,tangerang (kabupaten),tokopedia
"[HP Import] APhona 15 Pro Max - Dynamic Island & Kamera 48MP - Pengalaman iOS Premium - HP Flagship Global - Barang Import, Kualitas Terjamin.",700000.0,1.0,tangerang (kabupaten),tokopedia
Xiaomi Poco M3 Pro 5G 4/64GB Garansi Resmi,1776000.0,1000.0,jakarta pusat (kota),tokopedia
Y93 HP Murah Cuci Gudang RAM 8GB/256GB Handphone Android 6.2 inci berkualitas 13+8MP HD Kamera Smartphone,2000000.0,20.0,tangerang (kabupaten),tokopedia
iPhone 12 128 gb ex ibox fullset garansi on nov 2025,2450000.0,3.0,tangerang (kota),tokopedia
iPhone 13 128GB Garansi Resmi - Smartphone,8400000.0,40.0,lumajang (kabupaten),tokopedia
HP Y73s 5G RAM 8GB+256GB/Cuci Gudang  Handphone MURAH/OLED 6.44-inch/CAMERA 48MP+8MP+2MP/Smartphone,1000000.0,15.0,tangerang (kabupaten),tokopedia
vivo y20s ram 8+256 GB Bergaransi | Hp Baru Murah Ori Pstore,999000.0,4.0,jakarta barat (kota),tokopedia
Smartphone Y66 Android RAM 4/64GB GARANSI 1 Tahun Fullset Murah Layar 5.5 Inci Kamera 13MP Bluetooth Gold,2150000.0,100.0,jakarta barat (kota),tokopedia
[ HP Baru ] G 30 Smartphone 12GB+512GB Android 14 Tahan Lama Layar Lebar,4163241.0,1000.0,surabaya (kota),tokopedia
Samsung Galaxy S25 FE 8/512GB | 8/256GB Garansi Resmi,2150000.0,100.0,jakarta pusat (kota),tokopedia
iPhone 11 ProMax 256GB Second Like NEW EX INTER Original 100%- FULLSET,1250000.0,25.0,pekanbaru (kota),tokopedia
"Infnix SMART 12 4/64GB Mini Dynamic Island & Kamera 50MP HP Fitur Premium Paling Murah Smartphone Pengalaman Notifikasi Interaktif, Nilai Terbaik Mutlak",8000000.0,1.0,tangerang (kabupaten),tokopedia
Bisa COD & Cicilan 0% – Ponsel Gaming PQCQ F6 – 12GB+512GB – Processor Snapdragon 8s Gen 3 – Cooling System Gede.,2620002.0,2.0,tangerang (kabupaten),tokopedia
iPhone 14 128GB BNIB Baru Resmi Garansi Indonesia - Smartphone,8700000.0,50.0,tulungagung (kabupaten),tokopedia
"Redmi Turbo 4 Pro 5G 6.83"" Amoled 120Hz Snapdragon 8s Gen4 7550mAh 90W NFC",7399000.0,10.0,jakarta selatan (kota),tokopedia
Flash sale PonselS24 Ultra 7.3inci 12GB+512GB Dual SIM 4G/5GWIFI Asli Snapdragon8 Gen2 10Core Smartphone Gaming Phone dengan Garansi Resmi 12 Bulan COD,3999999.0,27.0,surabaya (kota),tokopedia
Handphone Apple iPhone 15 Blue Pink Yellow Green 128GB 256GB 512GB Garansi resmi,850000.0,100.0,jakarta pusat (kota),tokopedia
SMARTPHONE INFINIX NOTE EDGE 5G 8/256GB GARANSI RESMI,3600000.0,17.0,metro (kota),tokopedia
Samsung Galaxy A55 5G Smartphone [8/256GB],5000000.0,14.0,jakarta timur (kota),tokopedia
Samsung S23+ 5G Second SEIN,8000000.0,1.0,semarang (kota),tokopedia
[COD Puas Bayar] Camon 40 pro Handphone Android 7.5inci Layar Penuh ORI 12GB+256GB 8000mAh FastCharge Android14 72MP+108MP Gaming Phone 5G Snapdragon 8,1539000.0,1000.0,tangerang (kabupaten),tokopedia
"[NEW LAUNCH] vivo V70FE 5G 200MP OIS Main Camera, AI Travel Portrait, 7000mAH + 90W FlashCharge, IP68+IP69 Water Resistance, OriginOS 6.0",6499000.0,30.0,tangerang (kabupaten),tokopedia
Hp A3S RAM 6/128GB Fullset - Garansi 12 Bulan (COD),1299000.0,12.0,jakarta barat (kota),tokopedia
Handphone HP Samsung Galaxy Z Flip7 12/512GB Smartphone AI Hp Lipat Kamera 50MP 4300 mAh,3000000.0,28.0,jakarta pusat (kota),tokopedia
"POCO C85 6/128GB | Layar 6,88"" | 50MP AI | 18W Pengisian cepat | NFC | Garansi 15 bulan",1430000.0,30.0,bandung (kota),tokopedia
"OppQ A38 4/128GB HP Stylish Warna Cerah untuk Remaja Smartphone Desain Glossy UV, Ringan, Kamera AI 50MP, Perfect Buat Sekolah/Kuliah dengan Budget.",2999000.0,100.0,tangerang (kabupaten),tokopedia
Infinix Smart 8 Pro 8/128gb,1000000.0,10.0,jakarta pusat (kota),tokopedia
OPPO A57 Smartphone 4GB/128GB - Green 4GB/128GB - Green 4GB/128GB,6000000.0,30.0,jakarta utara (kota),tokopedia
Samsung Galaxy A17 5G 8/256GB,3799000.0,1000.0,jakarta utara (kota),tokopedia
VIVO Y19s Pro Handphone HP 6000mAH IP64 Tahan Debu dan Percikan Air 44W FlashCharge - Garansi,1599000.0,2.0,garut (kabupaten),tokopedia
Xiaomi redmi A2 garansi resmi indonesia Fullset,1800000.0,21.0,cilegon (kota),tokopedia
Smartphone  S-25 Ultra 100% Asli Ponsel Gaming 7.5 Inch Full Screen 8000mAh Fast Charging 72MP+108MP Camera Pro 16GB+1TB Android 14.0 5G WiFi Original 100% Big Sale Bisa COD,5299000.0,250.0,tangerang (kabupaten),tokopedia
Oppo A60 8/256 GB Garansi Resmi Indonesia Smartphone Tahan Banting Layar 6.67 Inci Kamera Original,2299000.0,80.0,surabaya (kota),tokopedia
Poco M6 (8GB/25GB) Seken mulus terawat,1000000.0,50.0,palembang (kota),tokopedia
Smartphone 13Y 5G 7.5-inch 6800mAh 16GB+512GB Dual SIM GPS 48MP Kamera Android 11 COD,1789000.0,40.0,jakarta utara (kota),tokopedia
xiaomi 12T Second,1000000.0,70.0,jakarta pusat (kota),tokopedia
GARANSI RESMI HP VIVO S1 PRO 8GB / 128GB SMARTPHONE ANDROID BIRU BLUE,3554000.0,11.0,jakarta timur (kota),tokopedia
Samsung Galaxy A56 5G [12/256] - Galaxy AI | Smartphone AI | 50MP OIS HDR Camera | 45W Super Fast Charge AI Publish on,1549000.0,2000.0,jakarta utara (kota),tokopedia
Apple Iphone 7 128gb Smartphone dengan Memori 128 Gb,700000.0,4.0,jakarta selatan (kota),tokopedia
Promo Samsung Galaxy A56 5G [8/256] [12/256] - Galaxy AI | Smartphone AI | 50MP OIS HDR Camera | 45W Super Fast Charge - 12GB/256GB Garansi Resmi,12489000.0,1000.0,jakarta selatan (kota),tokopedia
Ulefone Armor 26 Ultra 5G 24GB 512GB Rugged SmartPhone 120W 15600mAh 200MP NFC,9449000.0,12.0,jakarta selatan (kota),tokopedia
xiaomi Redmi note 13 8/256GB fullset mulus,1995000.0,100.0,jakarta pusat (kota),tokopedia
IBOX - IPhone 11 bergaransi resmi Indonesia,1594000.0,30.0,pandeglang (kabupaten),tokopedia
Honor 500 5G 16GB 512GB Snapdragon 8s Gen 4 200MP 120Hz 8000mAh 80W IP68/69K BNIB Bergaransi Original,3879100.0,12.0,makassar (kota),tokopedia
INFINIX NOTE 60 8GB 256GB GARANSI RESMI INDONESIA SEGEL BOX BNIB,3849000.0,6.0,bogor (kabupaten),tokopedia
IBOX Apple iPhone 15 128GB 256GB 512GB Blue Pink Yellow Green,4000000.0,3000.0,jakarta pusat (kota),tokopedia
Smartphone A05 6/128GB Fullset - Garansi 1 Tahun (COD),1999000.0,100.0,jakarta barat (kota),tokopedia
SM Galaxy A07 RAM 4/64GB | 4/128GB | 6/128GB | 8/256GB Garansi Resmi New,1594000.0,80.0,medan (kota),tokopedia
Redmi Note 13 Pro 5G Smartphone dengan Kamera Ganda dan Layar Full HD untuk Performa Optimal,3879100.0,12.0,gresik (kabupaten),tokopedia
iphone 11 Second 64/128/256 Fullset Garansi Mulus Exinter,6899000.0,3000.0,tangerang (kabupaten),tokopedia
Redmi Note 11 Pro 5G Smartphone dengan Kamera Ganda dan Layar Full HD untuk Performa Optimal,1899000.0,28.0,gresik (kabupaten),tokopedia
Vivo Y04s [4/64 GB] Garansi Resmi Vivo Indonesia,1599000.0,100.0,jakarta barat (kota),tokopedia
Infinix Note 50 Pro 8/256GB - Up to 16GB Extended RAM - Helio G100 Ultimate - 6.78” FHD+ Amoled 50MP,2499000.0,1.0,bandung (kota),tokopedia
Poco F7 12/512 GB ) / Snapdragon (matot),800000.0,3.0,jakarta timur (kota),tokopedia
Smartphone Xiaomi redmi 12 8GB/128GB,1430000.0,7.0,jakarta barat (kota),tokopedia
[DZAKIYAH STORE] REALME NOTE 70 NEW GARANSI RESMI 1 TAHUN,1603313.0,8.0,surakarta (kota),tokopedia
REDMI NOTE 14 PRO PLUS 5G 8/256 GARANSI RESMI,4935000.0,2.0,metro (kota),tokopedia
iPhone 12 RAM 64/128/256 Bergaransi dengan Pilihan Warna Hitam Ungu dan Putih Order Online,1350000.0,19.0,depok (kota),tokopedia
Poco X7 Pro 5G Ram 12/512 Baru Garansi Reami Segel No Repack Smartphone Android Terbaru,5299000.0,9.0,jakarta selatan (kota),tokopedia
HP Vivo Y71 Fullset Original dengan Kualitas Terbaik dan Desain Elegan,600000.0,2.0,cirebon (kota),tokopedia
Samsung Galaxy A56 5G 8/256GB Awesome Pink | HP Android Terbaru | Desain Stylish | Layar AMOLED FHD+ | Kamera 50MP | Bluetooth 5.3 | Super Fast Charge 45W,2311000.0,100.0,tangerang (kabupaten),tokopedia
SMARTPHONE XR 64GB/128GB/256GB INTER BERGARANSI ORIGINAL,1002000.0,40.0,jakarta pusat (kota),tokopedia
"PROMO!! Hp A3S RAM 6/128GB LAYAR 6,20INCH HD Dual Kamera android smartphones Ponsel Handphone ip  murah",990000.0,1.0,jakarta pusat (kota),tokopedia
"Moto G67 Power 5G - RAMBoost 24GB/256GB -  Snapdragon7s Gen2 - 7000mAh SiliconCarbon - 50MP Sony LYTIA600 - 4K Semua Lensa - 32MP Selfie - 6.72"" - IP64 GG7i MIL810H - Dolby Stereo",1575000.0,250.0,jakarta utara (kota),tokopedia
Samsung Galaxy A07 ( 4/64 4/128 6/128 8/256 ) Garansi Resmi Sein,1550000.0,10000.0,jakarta selatan (kota),tokopedia
Android Vivo Murah Ram 8/256Gb Fullset Garansi 1 Tahun 4G Let 6.35 Inches Dual Sim 20Mp+13Mp,593000.0,3.0,depok (kota),tokopedia
"Moto G67 Power 5G - RAMBoost 24GB/256GB -  Snapdragon7s Gen2 - 7000mAh SiliconCarbon - 50MP Sony LYTIA600 - 4K Semua Lensa - 32MP Selfie - 6.72"" - IP64 GG7i MIL810H - Dolby Stereo",1575000.0,250.0,jakarta utara (kota),tokopedia
Samsung Galaxy A07 ( 4/64 4/128 6/128 8/256 ) Garansi Resmi Sein,1550000.0,10000.0,jakarta selatan (kota),tokopedia
"Motorola Moto G67 Power 5G - RAMBoost 24GB/256GB - Snapdragon7s Gen2 - 7000mAh SiliconCarbon - 50MP Sony LYTIA600 - 4K Semua Lensa - 32MP Selfie - 6.72"" - IP64 GG7i MIL810H - Dolby Stereo",3259000.0,100.0,bogor (kabupaten),tokopedia
iphone 6 32GB resmi original murah,599000.0,12.0,depok (kota),tokopedia
"￼Apple iPhone 11 64GB, White SECOND resmi erafone",4380000.0,5000.0,tangerang (kota),tokopedia
VIVO Y91c SECOND BERKUALITAS,410000.0,19.0,cirebon (kabupaten),tokopedia
V15 RAM 8/256GB SMARTPHONE 6.53inch 32MP BERGARANSI  Handphone smartphones ip  murah,2055000.0,1.0,jakarta pusat (kota),tokopedia
Tecn Pova 6 Pro Smartphone 2026 HP Murah cuci gudang Handphone Android 7.5 Inci Layar 5G Dual SIM 8000mAh 16GB RAM 1TB ROM Android 14 Bisa COD Cicilan 72+108MP Face Unlocked Fingerprint ID,3499000.0,2.0,surabaya (kota),tokopedia
"HP VAVA V2 4G - RAM 2GB - HP ANDROID 4G 5,7"" RAM 2GB/16GB",520000.0,21.0,jakarta barat (kota),tokopedia
hp infinik smart 6 kondisi baru /New,700000.0,21.0,bekasi (kota),tokopedia
hp mini Smartphone ip17pro max mini phone ram 8/512GB jaringan 3G/4G Garansi ponsel mini 4 inci  1,4210000.0,11.0,jakarta barat (kota),tokopedia
Infinix Note 50X 5G+ 8/256GB - Up to 16GB Extended RAM - Dimensity 7300 Ultimate - 6.67” HD+ - 50MP OIS - 5200 mAh - NFC,2949000.0,250.0,semarang (kota),tokopedia
VILLAON V40S 4GB 64GB Garansi Resmi,496000.0,1.0,jakarta utara (kota),tokopedia
Poco C71 4/128GB New BNIB Resmi Smartphone Android 8GB RAM 128GB ROM Garansi Resmi Khaliila Cell,1500000.0,250.0,klaten (kabupaten),tokopedia
SEIN Samsung Galaxy Z Fold 5 5G 12/1TB 512GB 256GB | Flip 5 8/512GB 256GB Second Fullset Original,6149000.0,100.0,tangerang selatan (kota),tokopedia
Tecno Camon 50 Pro 5G 8/256GB 12/256GB 12/512GB,1700000.0,1000.0,tangerang (kota),tokopedia
"Infinix hot 50 pro.  handphone , ponsel, 5G, smart phone",550000.0,4.0,bogor (kabupaten),tokopedia
[ 805Gadget X AGRES ID KARAWANG ] SAMSUNG GALAXY A07 8GB 256GB Garansi Resmi,1529000.0,18.0,karawang (kabupaten),tokopedia
"Apple iPhone 11Pro 64GB Second Original100% EX-INTER 5.8""OLED-Ori Fullset Mulus Like New Smartphone",1025000.0,70.0,jakarta utara (kota),tokopedia
Samsung Galaxy A56 5G [8/256] - Galaxy AI | Smartphone AI | 50MP OIS HDR Camera | Garansi Resmi Indonesia,3397000.0,100.0,jakarta pusat (kota),tokopedia
"HP VAVA V2 4G - RAM 2GB - HP ANDROID 4G 5,7"" RAM 2GB/16GB",520000.0,21.0,jakarta barat (kota),tokopedia
Vivo Y29 - Smartphone dengan Kamera Ganda dan Desain Elegan,3999999.0,17.0,surabaya (kota),tokopedia
Terbaru Xiaomi Poco X5 5G RAM 8GB ROM 256 [RAM 8GB/6GB + ROM 256GB/128GB] GARANSI | ORIGINAL PRODUK,2189000.0,1000.0,jakarta barat (kota),tokopedia
Samsung Galaxy A07 8/256GB | 6/128GB | 4/128GB | 4/64GB Garansi Resmi,2949000.0,100.0,jakarta pusat (kota),tokopedia
Infinix Note 50 Pro 8GB 256GB - Smartphone,3914000.0,30.0,bekasi (kota),tokopedia
Smartphone Samsung Galaxy A25 5G 8GB/128GB,4999500.0,30.0,surakarta (kota),tokopedia
CMF PHONE 1 BNIB / NEW 128gb,4300000.0,9.0,bekasi (kota),tokopedia
"Super Mini Smartphone, 4G LTE, 1GB RAM, 8GB ROM, 2.5 "", Android 6.0, MTK6737 Quad Core, WiFi, Small Card Mobile, Pocket Phone",1196000.0,2.0,jakarta timur (kota),tokopedia
hp redmi note 7 optimasi marketplace tiktok oprek hp bekas original 100% murah hp root online root magisk,1700000.0,100.0,bantul (kabupaten),tokopedia
Xiaomi 15T 12/512GB | Leica Summilux optical lens Dimensity 8400-Ultra Garansi Resmi,8046000.0,1000.0,jakarta pusat (kota),tokopedia
INFINIX SMART 20 4GB 64GB GARANSI RESMI SMARTPHONE,2949000.0,250.0,jakarta utara (kota),tokopedia
"[NEW LAUNCH] vivo V60 5G 10x Zoom Telephoto, ZEISS Multifocal Potrait, Snapdragon 7 Gen 4, IP68+IP69, vivo AI",6999000.0,250.0,tangerang (kabupaten),tokopedia
Samsung Galaxy A56 5G [8/256] [Upgrade dari 8/128 GB] - Galaxy AI | Smartphone AI | 50MP OIS HDR Camera | 45W Super Fast Charge,2499000.0,3000.0,jakarta utara (kota),tokopedia
Poco C71 4/128GB New BNIB Resmi Smartphone Android 8GB RAM 128GB ROM Garansi Resmi Khaliila Cell,1500000.0,250.0,klaten (kabupaten),tokopedia
SEIN Samsung Galaxy Z Fold 5 5G 12/1TB 512GB 256GB | Flip 5 8/512GB 256GB Second Fullset Original,6149000.0,100.0,tangerang selatan (kota),tokopedia
Tecno Camon 50 Pro 5G 8/256GB 12/256GB 12/512GB,1700000.0,1000.0,tangerang (kota),tokopedia
Second iPhone 12 MINI 64/128GB bergaransi Garansi - All Operator,3000000.0,500.0,jakarta barat (kota),tokopedia
samsung galaxy s24 second like new,10000000.0,100.0,jakarta barat (kota),tokopedia
Infinix Hot 60i 8/256 GB 8GB 256GB HP NFC Smartphone Android,2099000.0,13.0,tangerang selatan (kota),tokopedia
Realme C85 Pro ( 8/256 8/128 ) Ram 8 Internal 128Gb/256Gb Garansi Resmi,2799000.0,1000.0,jakarta selatan (kota),tokopedia
Tecno Pova 7 Curve 5G 8/256GB Garansi Resmi Tecno Indonesia,350000.0,500.0,tangerang (kota),tokopedia
HP Hot 40 16GB+512GB HD Handphone android hp 7000mAh 5G HP murah Smartphone 7.5inci Dual Card SIM Garansi Resmi Bisa COD Ponsel Pintar Baru infinix hot 40 /infinix hot 40 5G handphone,1139000.0,2.0,jakarta selatan (kota),tokopedia
2024  SDT83. 6.8-inci SIM Dual 16+512GB Mendukung semua kartu SIM di Indonesia,1810000.0,6.0,jakarta barat (kota),tokopedia
16GB+1024GB│Memori Besar│Pengisian cepat│Layar besar HD│Gaming lancar│Bluetooth 6.0│3G/4G/5G│Android 10.5,3549000.0,1.0,jakarta barat (kota),tokopedia
iphone 13 scand barang terjamin,1000000.0,17.0,metro (kota),tokopedia
Samsung Galaxy A17 5G 4G 8/256Gb Garansi Resmi Sein New,2825000.0,3000.0,jakarta selatan (kota),tokopedia
Realme C71 128GB [ Ram 4GB 6GB 8GB ] White Violet Forest Garansi Resmi Indonesia,1649000.0,250.0,jakarta pusat (kota),tokopedia
[Exclusive Creator] INFINIX HOT 60 PRO PLUS 8/256 GB SMARTPHONE GARANSI RESMI INFINIX RAM 8+8 GB HOT 60 PRO NFC 8/128 GB - INFINIX HOT 60 PRO PLUS,4699000.0,22.0,tangerang (kota),tokopedia
"[5G Series] TECNO POVA Curve 5G - 8+8GB*/256GB, 5500mAh + Bypass Charging 2.0 , Mediatek D7300 Ultimate 5G, 6,78"" Curved AMOLED Display , 64MP Primary Camera, Android 15 - HiOS 15 - POVACurve",1230000.0,750.0,jakarta barat (kota),tokopedia
Samsung Galaxy A56 5G 8/256 12/256 8 12 128 256 GB Smartphone,6799000.0,25.0,jakarta pusat (kota),tokopedia
iPhone 12 Second 128GB Fullset Bekas Original100% EX-INTER 6.1“OLED-Ori Mulus Like New Smartphone,3999000.0,80.0,jakarta utara (kota),tokopedia
iPhone 13 128GB/256GB Second BH 95%+ ORIGINAL 100% | MULUS NORMAL FULLSET Kondisi Perfect,3250000.0,250.0,jakarta barat (kota),tokopedia
"iPhone 11Pro 64GB Second ORIGINAL100% INTER 5.8""OLED-Ori FULLSET Mulus Like New Smartphone",3250087.0,40.0,jakarta utara (kota),tokopedia
Keanu cell INFINIX NOTE 50 RAM 16 ROM 256 Camera 108 MP,2900000.0,500.0,magelang (kota),tokopedia
[Smartphone] INFINIX HOT 60 PRO PLUS 8GB 256GB Garansi RESMI,2759000.0,12.0,surabaya (kota),tokopedia
HONOR 400 5G RAM 24(12+12)GB+512GB Smartphone Next-Gen AI Imaging | Flagship-level Features | AI Image to Video,6279000.0,7.0,tangerang (kota),tokopedia
Handphone Android Infinix Smart 9 HF,1300000.0,12.0,batam (kota),tokopedia
"[NEW LAUNCH] vivo V60 Lite 5G (8/256) Dimensity 7360-Turbo, 6500 mAh + 90W FlashCharge, 50MP Sony Camera, AI Four-Seasons, SGS 5-Star Drop Resistance",5999000.0,100.0,tangerang (kabupaten),tokopedia
(DCG) Xiaomi Redmi Note 15 5G | NOTE 14 5G 8/256 GB 12/512 GB GARANSI RESMI,17490000.0,50.0,medan (kota),tokopedia
Samsung Galaxy A17 5G [8/256 GB] Garansi Resmi Indonesia,3549000.0,750.0,jakarta barat (kota),tokopedia
MOTOROLA G06 4GB 128GB LAUREL OAK / TAPESTRY / TENDRIL,6220000.0,100.0,jakarta pusat (kota),tokopedia
samsung galaxy z fold 6 256GB bekas - barang mulus,5000000.0,23.0,palembang (kota),tokopedia
"iPhone 11Pro Max 64GB Fullset Second Original100% INTER 6.5""OLED-Ori Mulus Normal Like New Phone",3699000.0,9.0,jakarta utara (kota),tokopedia
iPhone 5s second all operator,520000.0,100.0,cirebon (kabupaten),tokopedia
oppo a12 ram 4/64gb fullset full ori.,250000.0,16.0,bandung barat (kabupaten),tokopedia
Nokia 105 2023 / 2024 Leda / VOX Garansi Resmi,264000.0,10000.0,jakarta pusat (kota),tokopedia
HP Oprekan tanpa opsi pengembang,650000.0,80.0,magelang (kabupaten),tokopedia
"SmartphoneA10s RAM 6/128GB, kamera belakang 13MP + 2MP, dan sidik jari belakang – aman dan cepat, garansi 12bulan",299000.0,7.0,jakarta barat (kota),tokopedia
Nubia Neo 3 5G 256GB [ Ram 8GB ] Black Gold Silver Garansi Resmi Indonesia - HP Gaming  Smartphone,690000.0,100.0,jakarta pusat (kota),tokopedia
HP realme C2 2/32 second likenew,485000.0,500.0,jepara (kabupaten),tokopedia
OPPO A31 ram 6/128GB fullset mulus LIKE NEW,570000.0,8.0,bekasi (kota),tokopedia
Xiaomi Poco C71 4/128GB garansi resmi,1040000.0,23.0,surabaya (kota),tokopedia
[jikalaku] Nokia 105 (2023) NOKIA 105 LEDA,269500.0,2000.0,jakarta pusat (kota),tokopedia
HP Oprekan tanpa opsi pengembang,650000.0,80.0,magelang (kabupaten),tokopedia
Infinix Smart 9 4-128gb new,1200000.0,1.0,bandung (kota),tokopedia
Original Y12S  phone 16G RAM+512GB ROM Cellphone on sale with Fingerprint Recognition Mobile phone,2160000.0,0.0,jakarta utara (kota),tokopedia
